#pragma once
// Roboto Mono 16px — 97 glyphs, 11598 bytes
// Copyright 2015 The Roboto Mono Project Authors (https://github.com/googlefonts/robotomono)
// Generated by Embedded Font Studio
static const uint8_t RobotoMono16[] PROGMEM  = {
  0x00, 0x00, 0x00, 0x5f, 0x00, 0x00, 0x00, 0x0b, 0x00, 0x00, 0x00, 0x10, 0x00, 0x00, 0x00, 0x00, 
  0x00, 0x00, 0x00, 0x0f, 0xff, 0xff, 0xff, 0xfc, 0x00, 0x00, 0x00, 0x20, 0x00, 0x00, 0x00, 0x00, 
  0x00, 0x00, 0x00, 0x00, 0x00, 0x00, 0x00, 0x0a, 0x00, 0x00, 0x00, 0x00, 0x00, 0x00, 0x00, 0x00, 
  0x00, 0x00, 0x00, 0x00, 0x00, 0x00, 0x00, 0x21, 0x00, 0x00, 0x00, 0x0c, 0x00, 0x00, 0x00, 0x03, 
  0x00, 0x00, 0x00, 0x0a, 0x00, 0x00, 0x00, 0x0c, 0x00, 0x00, 0x00, 0x03, 0x00, 0x00, 0x00, 0x00, 
  0x00, 0x00, 0x00, 0x22, 0x00, 0x00, 0x00, 0x04, 0x00, 0x00, 0x00, 0x05, 0x00, 0x00, 0x00, 0x0a, 
  0x00, 0x00, 0x00, 0x0c, 0x00, 0x00, 0x00, 0x02, 0x00, 0x00, 0x00, 0x00, 0x00, 0x00, 0x00, 0x23, 
  0x00, 0x00, 0x00, 0x0c, 0x00, 0x00, 0x00, 0x0a, 0x00, 0x00, 0x00, 0x0a, 0x00, 0x00, 0x00, 0x0c, 
  0x00, 0x00, 0x00, 0x00, 0x00, 0x00, 0x00, 0x00, 0x00, 0x00, 0x00, 0x24, 0x00, 0x00, 0x00, 0x10, 
  0x00, 0x00, 0x00, 0x08, 0x00, 0x00, 0x00, 0x0a, 0x00, 0x00, 0x00, 0x0e, 0x00, 0x00, 0x00, 0x01, 
  0x00, 0x00, 0x00, 0x00, 0x00, 0x00, 0x00, 0x25, 0x00, 0x00, 0x00, 0x0c, 0x00, 0x00, 0x00, 0x0a, 
  0x00, 0x00, 0x00, 0x0a, 0x00, 0x00, 0x00, 0x0c, 0x00, 0x00, 0x00, 0x00, 0x00, 0x00, 0x00, 0x00, 
  0x00, 0x00, 0x00, 0x26, 0x00, 0x00, 0x00, 0x0c, 0x00, 0x00, 0x00, 0x0a, 0x00, 0x00, 0x00, 0x0a, 
  0x00, 0x00, 0x00, 0x0c, 0x00, 0x00, 0x00, 0x00, 0x00, 0x00, 0x00, 0x00, 0x00, 0x00, 0x00, 0x27, 
  0x00, 0x00, 0x00, 0x04, 0x00, 0x00, 0x00, 0x03, 0x00, 0x00, 0x00, 0x0a, 0x00, 0x00, 0x00, 0x0c, 
  0x00, 0x00, 0x00, 0x03, 0x00, 0x00, 0x00, 0x00, 0x00, 0x00, 0x00, 0x28, 0x00, 0x00, 0x00, 0x12, 
  0x00, 0x00, 0x00, 0x05, 0x00, 0x00, 0x00, 0x0a, 0x00, 0x00, 0x00, 0x0e, 0x00, 0x00, 0x00, 0x02, 
  0x00, 0x00, 0x00, 0x00, 0x00, 0x00, 0x00, 0x29, 0x00, 0x00, 0x00, 0x12, 0x00, 0x00, 0x00, 0x05, 
  0x00, 0x00, 0x00, 0x0a, 0x00, 0x00, 0x00, 0x0e, 0x00, 0x00, 0x00, 0x02, 0x00, 0x00, 0x00, 0x00, 
  0x00, 0x00, 0x00, 0x2a, 0x00, 0x00, 0x00, 0x09, 0x00, 0x00, 0x00, 0x08, 0x00, 0x00, 0x00, 0x0a, 
  0x00, 0x00, 0x00, 0x0c, 0x00, 0x00, 0x00, 0x01, 0x00, 0x00, 0x00, 0x00, 0x00, 0x00, 0x00, 0x2b, 
  0x00, 0x00, 0x00, 0x09, 0x00, 0x00, 0x00, 0x09, 0x00, 0x00, 0x00, 0x0a, 0x00, 0x00, 0x00, 0x0a, 
  0x00, 0x00, 0x00, 0x00, 0x00, 0x00, 0x00, 0x00, 0x00, 0x00, 0x00, 0x2c, 0x00, 0x00, 0x00, 0x05, 
  0x00, 0x00, 0x00, 0x04, 0x00, 0x00, 0x00, 0x0a, 0x00, 0x00, 0x00, 0x02, 0x00, 0x00, 0x00, 0x02, 
  0x00, 0x00, 0x00, 0x00, 0x00, 0x00, 0x00, 0x2d, 0x00, 0x00, 0x00, 0x03, 0x00, 0x00, 0x00, 0x07, 
  0x00, 0x00, 0x00, 0x0a, 0x00, 0x00, 0x00, 0x07, 0x00, 0x00, 0x00, 0x01, 0x00, 0x00, 0x00, 0x00, 
  0x00, 0x00, 0x00, 0x2e, 0x00, 0x00, 0x00, 0x03, 0x00, 0x00, 0x00, 0x04, 0x00, 0x00, 0x00, 0x0a, 
  0x00, 0x00, 0x00, 0x03, 0x00, 0x00, 0x00, 0x03, 0x00, 0x00, 0x00, 0x00, 0x00, 0x00, 0x00, 0x2f, 
  0x00, 0x00, 0x00, 0x0d, 0x00, 0x00, 0x00, 0x08, 0x00, 0x00, 0x00, 0x0a, 0x00, 0x00, 0x00, 0x0c, 
  0x00, 0x00, 0x00, 0x01, 0x00, 0x00, 0x00, 0x00, 0x00, 0x00, 0x00, 0x30, 0x00, 0x00, 0x00, 0x0c, 
  0x00, 0x00, 0x00, 0x08, 0x00, 0x00, 0x00, 0x0a, 0x00, 0x00, 0x00, 0x0c, 0x00, 0x00, 0x00, 0x01, 
  0x00, 0x00, 0x00, 0x00, 0x00, 0x00, 0x00, 0x31, 0x00, 0x00, 0x00, 0x0c, 0x00, 0x00, 0x00, 0x06, 
  0x00, 0x00, 0x00, 0x0a, 0x00, 0x00, 0x00, 0x0c, 0x00, 0x00, 0x00, 0x01, 0x00, 0x00, 0x00, 0x00, 
  0x00, 0x00, 0x00, 0x32, 0x00, 0x00, 0x00, 0x0c, 0x00, 0x00, 0x00, 0x09, 0x00, 0x00, 0x00, 0x0a, 
  0x00, 0x00, 0x00, 0x0c, 0x00, 0x00, 0x00, 0x00, 0x00, 0x00, 0x00, 0x00, 0x00, 0x00, 0x00, 0x33, 
  0x00, 0x00, 0x00, 0x0c, 0x00, 0x00, 0x00, 0x08, 0x00, 0x00, 0x00, 0x0a, 0x00, 0x00, 0x00, 0x0c, 
  0x00, 0x00, 0x00, 0x00, 0x00, 0x00, 0x00, 0x00, 0x00, 0x00, 0x00, 0x34, 0x00, 0x00, 0x00, 0x0c, 
  0x00, 0x00, 0x00, 0x09, 0x00, 0x00, 0x00, 0x0a, 0x00, 0x00, 0x00, 0x0c, 0x00, 0x00, 0x00, 0x00, 
  0x00, 0x00, 0x00, 0x00, 0x00, 0x00, 0x00, 0x35, 0x00, 0x00, 0x00, 0x0c, 0x00, 0x00, 0x00, 0x08, 
  0x00, 0x00, 0x00, 0x0a, 0x00, 0x00, 0x00, 0x0c, 0x00, 0x00, 0x00, 0x01, 0x00, 0x00, 0x00, 0x00, 
  0x00, 0x00, 0x00, 0x36, 0x00, 0x00, 0x00, 0x0c, 0x00, 0x00, 0x00, 0x08, 0x00, 0x00, 0x00, 0x0a, 
  0x00, 0x00, 0x00, 0x0c, 0x00, 0x00, 0x00, 0x01, 0x00, 0x00, 0x00, 0x00, 0x00, 0x00, 0x00, 0x37, 
  0x00, 0x00, 0x00, 0x0c, 0x00, 0x00, 0x00, 0x09, 0x00, 0x00, 0x00, 0x0a, 0x00, 0x00, 0x00, 0x0c, 
  0x00, 0x00, 0x00, 0x00, 0x00, 0x00, 0x00, 0x00, 0x00, 0x00, 0x00, 0x38, 0x00, 0x00, 0x00, 0x0c, 
  0x00, 0x00, 0x00, 0x08, 0x00, 0x00, 0x00, 0x0a, 0x00, 0x00, 0x00, 0x0c, 0x00, 0x00, 0x00, 0x01, 
  0x00, 0x00, 0x00, 0x00, 0x00, 0x00, 0x00, 0x39, 0x00, 0x00, 0x00, 0x0c, 0x00, 0x00, 0x00, 0x08, 
  0x00, 0x00, 0x00, 0x0a, 0x00, 0x00, 0x00, 0x0c, 0x00, 0x00, 0x00, 0x01, 0x00, 0x00, 0x00, 0x00, 
  0x00, 0x00, 0x00, 0x3a, 0x00, 0x00, 0x00, 0x09, 0x00, 0x00, 0x00, 0x03, 0x00, 0x00, 0x00, 0x0a, 
  0x00, 0x00, 0x00, 0x09, 0x00, 0x00, 0x00, 0x04, 0x00, 0x00, 0x00, 0x00, 0x00, 0x00, 0x00, 0x3b, 
  0x00, 0x00, 0x00, 0x0c, 0x00, 0x00, 0x00, 0x04, 0x00, 0x00, 0x00, 0x0a, 0x00, 0x00, 0x00, 0x09, 
  0x00, 0x00, 0x00, 0x03, 0x00, 0x00, 0x00, 0x00, 0x00, 0x00, 0x00, 0x3c, 0x00, 0x00, 0x00, 0x08, 
  0x00, 0x00, 0x00, 0x07, 0x00, 0x00, 0x00, 0x0a, 0x00, 0x00, 0x00, 0x09, 0x00, 0x00, 0x00, 0x01, 
  0x00, 0x00, 0x00, 0x00, 0x00, 0x00, 0x00, 0x3d, 0x00, 0x00, 0x00, 0x06, 0x00, 0x00, 0x00, 0x08, 
  0x00, 0x00, 0x00, 0x0a, 0x00, 0x00, 0x00, 0x08, 0x00, 0x00, 0x00, 0x01, 0x00, 0x00, 0x00, 0x00, 
  0x00, 0x00, 0x00, 0x3e, 0x00, 0x00, 0x00, 0x08, 0x00, 0x00, 0x00, 0x08, 0x00, 0x00, 0x00, 0x0a, 
  0x00, 0x00, 0x00, 0x09, 0x00, 0x00, 0x00, 0x01, 0x00, 0x00, 0x00, 0x00, 0x00, 0x00, 0x00, 0x3f, 
  0x00, 0x00, 0x00, 0x0c, 0x00, 0x00, 0x00, 0x08, 0x00, 0x00, 0x00, 0x0a, 0x00, 0x00, 0x00, 0x0c, 
  0x00, 0x00, 0x00, 0x01, 0x00, 0x00, 0x00, 0x00, 0x00, 0x00, 0x00, 0x40, 0x00, 0x00, 0x00, 0x0c, 
  0x00, 0x00, 0x00, 0x0a, 0x00, 0x00, 0x00, 0x0a, 0x00, 0x00, 0x00, 0x0c, 0x00, 0x00, 0x00, 0x00, 
  0x00, 0x00, 0x00, 0x00, 0x00, 0x00, 0x00, 0x41, 0x00, 0x00, 0x00, 0x0c, 0x00, 0x00, 0x00, 0x0a, 
  0x00, 0x00, 0x00, 0x0a, 0x00, 0x00, 0x00, 0x0c, 0x00, 0x00, 0x00, 0x00, 0x00, 0x00, 0x00, 0x00, 
  0x00, 0x00, 0x00, 0x42, 0x00, 0x00, 0x00, 0x0c, 0x00, 0x00, 0x00, 0x08, 0x00, 0x00, 0x00, 0x0a, 
  0x00, 0x00, 0x00, 0x0c, 0x00, 0x00, 0x00, 0x01, 0x00, 0x00, 0x00, 0x00, 0x00, 0x00, 0x00, 0x43, 
  0x00, 0x00, 0x00, 0x0c, 0x00, 0x00, 0x00, 0x09, 0x00, 0x00, 0x00, 0x0a, 0x00, 0x00, 0x00, 0x0c, 
  0x00, 0x00, 0x00, 0x00, 0x00, 0x00, 0x00, 0x00, 0x00, 0x00, 0x00, 0x44, 0x00, 0x00, 0x00, 0x0c, 
  0x00, 0x00, 0x00, 0x08, 0x00, 0x00, 0x00, 0x0a, 0x00, 0x00, 0x00, 0x0c, 0x00, 0x00, 0x00, 0x01, 
  0x00, 0x00, 0x00, 0x00, 0x00, 0x00, 0x00, 0x45, 0x00, 0x00, 0x00, 0x0c, 0x00, 0x00, 0x00, 0x08, 
  0x00, 0x00, 0x00, 0x0a, 0x00, 0x00, 0x00, 0x0c, 0x00, 0x00, 0x00, 0x01, 0x00, 0x00, 0x00, 0x00, 
  0x00, 0x00, 0x00, 0x46, 0x00, 0x00, 0x00, 0x0c, 0x00, 0x00, 0x00, 0x08, 0x00, 0x00, 0x00, 0x0a, 
  0x00, 0x00, 0x00, 0x0c, 0x00, 0x00, 0x00, 0x01, 0x00, 0x00, 0x00, 0x00, 0x00, 0x00, 0x00, 0x47, 
  0x00, 0x00, 0x00, 0x0c, 0x00, 0x00, 0x00, 0x09, 0x00, 0x00, 0x00, 0x0a, 0x00, 0x00, 0x00, 0x0c, 
  0x00, 0x00, 0x00, 0x00, 0x00, 0x00, 0x00, 0x00, 0x00, 0x00, 0x00, 0x48, 0x00, 0x00, 0x00, 0x0c, 
  0x00, 0x00, 0x00, 0x08, 0x00, 0x00, 0x00, 0x0a, 0x00, 0x00, 0x00, 0x0c, 0x00, 0x00, 0x00, 0x01, 
  0x00, 0x00, 0x00, 0x00, 0x00, 0x00, 0x00, 0x49, 0x00, 0x00, 0x00, 0x0c, 0x00, 0x00, 0x00, 0x08, 
  0x00, 0x00, 0x00, 0x0a, 0x00, 0x00, 0x00, 0x0c, 0x00, 0x00, 0x00, 0x01, 0x00, 0x00, 0x00, 0x00, 
  0x00, 0x00, 0x00, 0x4a, 0x00, 0x00, 0x00, 0x0c, 0x00, 0x00, 0x00, 0x09, 0x00, 0x00, 0x00, 0x0a, 
  0x00, 0x00, 0x00, 0x0c, 0x00, 0x00, 0x00, 0x00, 0x00, 0x00, 0x00, 0x00, 0x00, 0x00, 0x00, 0x4b, 
  0x00, 0x00, 0x00, 0x0c, 0x00, 0x00, 0x00, 0x09, 0x00, 0x00, 0x00, 0x0a, 0x00, 0x00, 0x00, 0x0c, 
  0x00, 0x00, 0x00, 0x01, 0x00, 0x00, 0x00, 0x00, 0x00, 0x00, 0x00, 0x4c, 0x00, 0x00, 0x00, 0x0c, 
  0x00, 0x00, 0x00, 0x08, 0x00, 0x00, 0x00, 0x0a, 0x00, 0x00, 0x00, 0x0c, 0x00, 0x00, 0x00, 0x01, 
  0x00, 0x00, 0x00, 0x00, 0x00, 0x00, 0x00, 0x4d, 0x00, 0x00, 0x00, 0x0c, 0x00, 0x00, 0x00, 0x08, 
  0x00, 0x00, 0x00, 0x0a, 0x00, 0x00, 0x00, 0x0c, 0x00, 0x00, 0x00, 0x01, 0x00, 0x00, 0x00, 0x00, 
  0x00, 0x00, 0x00, 0x4e, 0x00, 0x00, 0x00, 0x0c, 0x00, 0x00, 0x00, 0x08, 0x00, 0x00, 0x00, 0x0a, 
  0x00, 0x00, 0x00, 0x0c, 0x00, 0x00, 0x00, 0x01, 0x00, 0x00, 0x00, 0x00, 0x00, 0x00, 0x00, 0x4f, 
  0x00, 0x00, 0x00, 0x0c, 0x00, 0x00, 0x00, 0x09, 0x00, 0x00, 0x00, 0x0a, 0x00, 0x00, 0x00, 0x0c, 
  0x00, 0x00, 0x00, 0x00, 0x00, 0x00, 0x00, 0x00, 0x00, 0x00, 0x00, 0x50, 0x00, 0x00, 0x00, 0x0c, 
  0x00, 0x00, 0x00, 0x08, 0x00, 0x00, 0x00, 0x0a, 0x00, 0x00, 0x00, 0x0c, 0x00, 0x00, 0x00, 0x01, 
  0x00, 0x00, 0x00, 0x00, 0x00, 0x00, 0x00, 0x51, 0x00, 0x00, 0x00, 0x0e, 0x00, 0x00, 0x00, 0x0a, 
  0x00, 0x00, 0x00, 0x0a, 0x00, 0x00, 0x00, 0x0c, 0x00, 0x00, 0x00, 0x00, 0x00, 0x00, 0x00, 0x00, 
  0x00, 0x00, 0x00, 0x52, 0x00, 0x00, 0x00, 0x0c, 0x00, 0x00, 0x00, 0x08, 0x00, 0x00, 0x00, 0x0a, 
  0x00, 0x00, 0x00, 0x0c, 0x00, 0x00, 0x00, 0x01, 0x00, 0x00, 0x00, 0x00, 0x00, 0x00, 0x00, 0x53, 
  0x00, 0x00, 0x00, 0x0c, 0x00, 0x00, 0x00, 0x09, 0x00, 0x00, 0x00, 0x0a, 0x00, 0x00, 0x00, 0x0c, 
  0x00, 0x00, 0x00, 0x00, 0x00, 0x00, 0x00, 0x00, 0x00, 0x00, 0x00, 0x54, 0x00, 0x00, 0x00, 0x0c, 
  0x00, 0x00, 0x00, 0x0a, 0x00, 0x00, 0x00, 0x0a, 0x00, 0x00, 0x00, 0x0c, 0x00, 0x00, 0x00, 0x00, 
  0x00, 0x00, 0x00, 0x00, 0x00, 0x00, 0x00, 0x55, 0x00, 0x00, 0x00, 0x0c, 0x00, 0x00, 0x00, 0x08, 
  0x00, 0x00, 0x00, 0x0a, 0x00, 0x00, 0x00, 0x0c, 0x00, 0x00, 0x00, 0x01, 0x00, 0x00, 0x00, 0x00, 
  0x00, 0x00, 0x00, 0x56, 0x00, 0x00, 0x00, 0x0c, 0x00, 0x00, 0x00, 0x09, 0x00, 0x00, 0x00, 0x0a, 
  0x00, 0x00, 0x00, 0x0c, 0x00, 0x00, 0x00, 0x00, 0x00, 0x00, 0x00, 0x00, 0x00, 0x00, 0x00, 0x57, 
  0x00, 0x00, 0x00, 0x0c, 0x00, 0x00, 0x00, 0x0a, 0x00, 0x00, 0x00, 0x0a, 0x00, 0x00, 0x00, 0x0c, 
  0x00, 0x00, 0x00, 0x00, 0x00, 0x00, 0x00, 0x00, 0x00, 0x00, 0x00, 0x58, 0x00, 0x00, 0x00, 0x0c, 
  0x00, 0x00, 0x00, 0x0a, 0x00, 0x00, 0x00, 0x0a, 0x00, 0x00, 0x00, 0x0c, 0x00, 0x00, 0x00, 0x00, 
  0x00, 0x00, 0x00, 0x00, 0x00, 0x00, 0x00, 0x59, 0x00, 0x00, 0x00, 0x0c, 0x00, 0x00, 0x00, 0x09, 
  0x00, 0x00, 0x00, 0x0a, 0x00, 0x00, 0x00, 0x0c, 0x00, 0x00, 0x00, 0x00, 0x00, 0x00, 0x00, 0x00, 
  0x00, 0x00, 0x00, 0x5a, 0x00, 0x00, 0x00, 0x0c, 0x00, 0x00, 0x00, 0x09, 0x00, 0x00, 0x00, 0x0a, 
  0x00, 0x00, 0x00, 0x0c, 0x00, 0x00, 0x00, 0x00, 0x00, 0x00, 0x00, 0x00, 0x00, 0x00, 0x00, 0x5b, 
  0x00, 0x00, 0x00, 0x12, 0x00, 0x00, 0x00, 0x04, 0x00, 0x00, 0x00, 0x0a, 0x00, 0x00, 0x00, 0x0f, 
  0x00, 0x00, 0x00, 0x03, 0x00, 0x00, 0x00, 0x00, 0x00, 0x00, 0x00, 0x5c, 0x00, 0x00, 0x00, 0x0d, 
  0x00, 0x00, 0x00, 0x07, 0x00, 0x00, 0x00, 0x0a, 0x00, 0x00, 0x00, 0x0c, 0x00, 0x00, 0x00, 0x01, 
  0x00, 0x00, 0x00, 0x00, 0x00, 0x00, 0x00, 0x5d, 0x00, 0x00, 0x00, 0x12, 0x00, 0x00, 0x00, 0x04, 
  0x00, 0x00, 0x00, 0x0a, 0x00, 0x00, 0x00, 0x0f, 0x00, 0x00, 0x00, 0x03, 0x00, 0x00, 0x00, 0x00, 
  0x00, 0x00, 0x00, 0x5e, 0x00, 0x00, 0x00, 0x07, 0x00, 0x00, 0x00, 0x07, 0x00, 0x00, 0x00, 0x0a, 
  0x00, 0x00, 0x00, 0x0d, 0x00, 0x00, 0x00, 0x01, 0x00, 0x00, 0x00, 0x00, 0x00, 0x00, 0x00, 0x5f, 
  0x00, 0x00, 0x00, 0x03, 0x00, 0x00, 0x00, 0x08, 0x00, 0x00, 0x00, 0x0a, 0x00, 0x00, 0x00, 0x01, 
  0x00, 0x00, 0x00, 0x01, 0x00, 0x00, 0x00, 0x00, 0x00, 0x00, 0x00, 0x60, 0x00, 0x00, 0x00, 0x02, 
  0x00, 0x00, 0x00, 0x04, 0x00, 0x00, 0x00, 0x0a, 0x00, 0x00, 0x00, 0x0c, 0x00, 0x00, 0x00, 0x03, 
  0x00, 0x00, 0x00, 0x00, 0x00, 0x00, 0x00, 0x61, 0x00, 0x00, 0x00, 0x09, 0x00, 0x00, 0x00, 0x08, 
  0x00, 0x00, 0x00, 0x0a, 0x00, 0x00, 0x00, 0x09, 0x00, 0x00, 0x00, 0x01, 0x00, 0x00, 0x00, 0x00, 
  0x00, 0x00, 0x00, 0x62, 0x00, 0x00, 0x00, 0x0c, 0x00, 0x00, 0x00, 0x08, 0x00, 0x00, 0x00, 0x0a, 
  0x00, 0x00, 0x00, 0x0c, 0x00, 0x00, 0x00, 0x01, 0x00, 0x00, 0x00, 0x00, 0x00, 0x00, 0x00, 0x63, 
  0x00, 0x00, 0x00, 0x09, 0x00, 0x00, 0x00, 0x08, 0x00, 0x00, 0x00, 0x0a, 0x00, 0x00, 0x00, 0x09, 
  0x00, 0x00, 0x00, 0x01, 0x00, 0x00, 0x00, 0x00, 0x00, 0x00, 0x00, 0x64, 0x00, 0x00, 0x00, 0x0c, 
  0x00, 0x00, 0x00, 0x08, 0x00, 0x00, 0x00, 0x0a, 0x00, 0x00, 0x00, 0x0c, 0x00, 0x00, 0x00, 0x01, 
  0x00, 0x00, 0x00, 0x00, 0x00, 0x00, 0x00, 0x65, 0x00, 0x00, 0x00, 0x09, 0x00, 0x00, 0x00, 0x08, 
  0x00, 0x00, 0x00, 0x0a, 0x00, 0x00, 0x00, 0x09, 0x00, 0x00, 0x00, 0x01, 0x00, 0x00, 0x00, 0x00, 
  0x00, 0x00, 0x00, 0x66, 0x00, 0x00, 0x00, 0x0e, 0x00, 0x00, 0x00, 0x08, 0x00, 0x00, 0x00, 0x0a, 
  0x00, 0x00, 0x00, 0x0e, 0x00, 0x00, 0x00, 0x01, 0x00, 0x00, 0x00, 0x00, 0x00, 0x00, 0x00, 0x67, 
  0x00, 0x00, 0x00, 0x0c, 0x00, 0x00, 0x00, 0x08, 0x00, 0x00, 0x00, 0x0a, 0x00, 0x00, 0x00, 0x09, 
  0x00, 0x00, 0x00, 0x01, 0x00, 0x00, 0x00, 0x00, 0x00, 0x00, 0x00, 0x68, 0x00, 0x00, 0x00, 0x0c, 
  0x00, 0x00, 0x00, 0x08, 0x00, 0x00, 0x00, 0x0a, 0x00, 0x00, 0x00, 0x0c, 0x00, 0x00, 0x00, 0x01, 
  0x00, 0x00, 0x00, 0x00, 0x00, 0x00, 0x00, 0x69, 0x00, 0x00, 0x00, 0x0c, 0x00, 0x00, 0x00, 0x08, 
  0x00, 0x00, 0x00, 0x0a, 0x00, 0x00, 0x00, 0x0c, 0x00, 0x00, 0x00, 0x01, 0x00, 0x00, 0x00, 0x00, 
  0x00, 0x00, 0x00, 0x6a, 0x00, 0x00, 0x00, 0x0f, 0x00, 0x00, 0x00, 0x06, 0x00, 0x00, 0x00, 0x0a, 
  0x00, 0x00, 0x00, 0x0c, 0x00, 0x00, 0x00, 0x01, 0x00, 0x00, 0x00, 0x00, 0x00, 0x00, 0x00, 0x6b, 
  0x00, 0x00, 0x00, 0x0c, 0x00, 0x00, 0x00, 0x08, 0x00, 0x00, 0x00, 0x0a, 0x00, 0x00, 0x00, 0x0c, 
  0x00, 0x00, 0x00, 0x01, 0x00, 0x00, 0x00, 0x00, 0x00, 0x00, 0x00, 0x6c, 0x00, 0x00, 0x00, 0x0c, 
  0x00, 0x00, 0x00, 0x08, 0x00, 0x00, 0x00, 0x0a, 0x00, 0x00, 0x00, 0x0c, 0x00, 0x00, 0x00, 0x01, 
  0x00, 0x00, 0x00, 0x00, 0x00, 0x00, 0x00, 0x6d, 0x00, 0x00, 0x00, 0x09, 0x00, 0x00, 0x00, 0x09, 
  0x00, 0x00, 0x00, 0x0a, 0x00, 0x00, 0x00, 0x09, 0x00, 0x00, 0x00, 0x00, 0x00, 0x00, 0x00, 0x00, 
  0x00, 0x00, 0x00, 0x6e, 0x00, 0x00, 0x00, 0x09, 0x00, 0x00, 0x00, 0x08, 0x00, 0x00, 0x00, 0x0a, 
  0x00, 0x00, 0x00, 0x09, 0x00, 0x00, 0x00, 0x01, 0x00, 0x00, 0x00, 0x00, 0x00, 0x00, 0x00, 0x6f, 
  0x00, 0x00, 0x00, 0x09, 0x00, 0x00, 0x00, 0x09, 0x00, 0x00, 0x00, 0x0a, 0x00, 0x00, 0x00, 0x09, 
  0x00, 0x00, 0x00, 0x00, 0x00, 0x00, 0x00, 0x00, 0x00, 0x00, 0x00, 0x70, 0x00, 0x00, 0x00, 0x0c, 
  0x00, 0x00, 0x00, 0x08, 0x00, 0x00, 0x00, 0x0a, 0x00, 0x00, 0x00, 0x09, 0x00, 0x00, 0x00, 0x01, 
  0x00, 0x00, 0x00, 0x00, 0x00, 0x00, 0x00, 0x71, 0x00, 0x00, 0x00, 0x0c, 0x00, 0x00, 0x00, 0x08, 
  0x00, 0x00, 0x00, 0x0a, 0x00, 0x00, 0x00, 0x09, 0x00, 0x00, 0x00, 0x01, 0x00, 0x00, 0x00, 0x00, 
  0x00, 0x00, 0x00, 0x72, 0x00, 0x00, 0x00, 0x09, 0x00, 0x00, 0x00, 0x07, 0x00, 0x00, 0x00, 0x0a, 
  0x00, 0x00, 0x00, 0x09, 0x00, 0x00, 0x00, 0x02, 0x00, 0x00, 0x00, 0x00, 0x00, 0x00, 0x00, 0x73, 
  0x00, 0x00, 0x00, 0x09, 0x00, 0x00, 0x00, 0x08, 0x00, 0x00, 0x00, 0x0a, 0x00, 0x00, 0x00, 0x09, 
  0x00, 0x00, 0x00, 0x01, 0x00, 0x00, 0x00, 0x00, 0x00, 0x00, 0x00, 0x74, 0x00, 0x00, 0x00, 0x0b, 
  0x00, 0x00, 0x00, 0x08, 0x00, 0x00, 0x00, 0x0a, 0x00, 0x00, 0x00, 0x0b, 0x00, 0x00, 0x00, 0x01, 
  0x00, 0x00, 0x00, 0x00, 0x00, 0x00, 0x00, 0x75, 0x00, 0x00, 0x00, 0x09, 0x00, 0x00, 0x00, 0x08, 
  0x00, 0x00, 0x00, 0x0a, 0x00, 0x00, 0x00, 0x09, 0x00, 0x00, 0x00, 0x01, 0x00, 0x00, 0x00, 0x00, 
  0x00, 0x00, 0x00, 0x76, 0x00, 0x00, 0x00, 0x09, 0x00, 0x00, 0x00, 0x09, 0x00, 0x00, 0x00, 0x0a, 
  0x00, 0x00, 0x00, 0x09, 0x00, 0x00, 0x00, 0x00, 0x00, 0x00, 0x00, 0x00, 0x00, 0x00, 0x00, 0x77, 
  0x00, 0x00, 0x00, 0x09, 0x00, 0x00, 0x00, 0x0a, 0x00, 0x00, 0x00, 0x0a, 0x00, 0x00, 0x00, 0x09, 
  0x00, 0x00, 0x00, 0x00, 0x00, 0x00, 0x00, 0x00, 0x00, 0x00, 0x00, 0x78, 0x00, 0x00, 0x00, 0x09, 
  0x00, 0x00, 0x00, 0x09, 0x00, 0x00, 0x00, 0x0a, 0x00, 0x00, 0x00, 0x09, 0x00, 0x00, 0x00, 0x00, 
  0x00, 0x00, 0x00, 0x00, 0x00, 0x00, 0x00, 0x79, 0x00, 0x00, 0x00, 0x0c, 0x00, 0x00, 0x00, 0x0a, 
  0x00, 0x00, 0x00, 0x0a, 0x00, 0x00, 0x00, 0x09, 0x00, 0x00, 0x00, 0x00, 0x00, 0x00, 0x00, 0x00, 
  0x00, 0x00, 0x00, 0x7a, 0x00, 0x00, 0x00, 0x09, 0x00, 0x00, 0x00, 0x08, 0x00, 0x00, 0x00, 0x0a, 
  0x00, 0x00, 0x00, 0x09, 0x00, 0x00, 0x00, 0x01, 0x00, 0x00, 0x00, 0x00, 0x00, 0x00, 0x00, 0x7b, 
  0x00, 0x00, 0x00, 0x10, 0x00, 0x00, 0x00, 0x06, 0x00, 0x00, 0x00, 0x0a, 0x00, 0x00, 0x00, 0x0d, 
  0x00, 0x00, 0x00, 0x02, 0x00, 0x00, 0x00, 0x00, 0x00, 0x00, 0x00, 0x7c, 0x00, 0x00, 0x00, 0x0f, 
  0x00, 0x00, 0x00, 0x02, 0x00, 0x00, 0x00, 0x0a, 0x00, 0x00, 0x00, 0x0c, 0x00, 0x00, 0x00, 0x04, 
  0x00, 0x00, 0x00, 0x00, 0x00, 0x00, 0x00, 0x7d, 0x00, 0x00, 0x00, 0x10, 0x00, 0x00, 0x00, 0x06, 
  0x00, 0x00, 0x00, 0x0a, 0x00, 0x00, 0x00, 0x0d, 0x00, 0x00, 0x00, 0x02, 0x00, 0x00, 0x00, 0x00, 
  0x00, 0x00, 0x00, 0x7e, 0x00, 0x00, 0x00, 0x05, 0x00, 0x00, 0x00, 0x0a, 0x00, 0x00, 0x00, 0x0a, 
  0x00, 0x00, 0x00, 0x08, 0x00, 0x00, 0x00, 0x00, 0x00, 0x00, 0x00, 0x00, 0x0f, 0xff, 0x63, 0x0f, 
  0xff, 0x63, 0x0f, 0xff, 0x63, 0x0f, 0xff, 0x63, 0x0f, 0xff, 0x63, 0x0f, 0xff, 0x63, 0x0f, 0xff, 
  0x63, 0x0f, 0xff, 0x63, 0x00, 0x0b, 0x04, 0x00, 0x00, 0x00, 0x0a, 0xb9, 0x49, 0x14, 0xe4, 0x64, 
  0x37, 0xf3, 0x00, 0x6b, 0xbd, 0x38, 0xea, 0x00, 0x6c, 0xb3, 0x3a, 0xdb, 0x00, 0x6e, 0xa6, 0x36, 
  0xbe, 0x00, 0x66, 0x8d, 0x00, 0x00, 0x00, 0x2b, 0xf2, 0x02, 0x04, 0xf6, 0x1f, 0x00, 0x00, 0x00, 
  0x00, 0x62, 0xbd, 0x00, 0x32, 0xe9, 0x00, 0x00, 0x00, 0x00, 0x00, 0x98, 0x86, 0x00, 0x68, 0xb2, 
  0x00, 0x00, 0x00, 0xeb, 0xff, 0xff, 0xff, 0xff, 0xff, 0xff, 0xff, 0x33, 0x00, 0x21, 0x27, 0xfa, 
  0x3f, 0x23, 0xd7, 0x67, 0x23, 0x07, 0x00, 0x00, 0x2a, 0xf2, 0x01, 0x04, 0xf8, 0x21, 0x00, 0x00, 
  0x00, 0x00, 0x5a, 0xc4, 0x00, 0x2b, 0xf0, 0x00, 0x00, 0x00, 0x7f, 0xf7, 0xfb, 0xfd, 0xf7, 0xfa, 
  0xfe, 0xf7, 0x97, 0x00, 0x14, 0x27, 0xc4, 0x7e, 0x27, 0x9c, 0xa3, 0x27, 0x18, 0x00, 0x00, 0x00, 
  0xe0, 0x3f, 0x00, 0xb0, 0x6b, 0x00, 0x00, 0x00, 0x00, 0x0b, 0xfe, 0x15, 0x00, 0xd9, 0x41, 0x00, 
  0x00, 0x00, 0x00, 0x33, 0xec, 0x00, 0x06, 0xfc, 0x18, 0x00, 0x00, 0x00, 0x00, 0x00, 0x00, 0x09, 
  0x0d, 0x00, 0x00, 0x00, 0x00, 0x00, 0x00, 0x7f, 0xab, 0x00, 0x00, 0x00, 0x00, 0x00, 0x08, 0x9a, 
  0xbf, 0x0d, 0x00, 0x00, 0x00, 0x50, 0xf0, 0xff, 0xff, 0xf5, 0x59, 0x00, 0x0e, 0xf0, 0xb2, 0x1a, 
  0x1a, 0xb6, 0xf2, 0x15, 0x3d, 0xff, 0x36, 0x00, 0x00, 0x26, 0xff, 0x4e, 0x2c, 0xff, 0x55, 0x00, 
  0x00, 0x02, 0x63, 0x28, 0x01, 0xbe, 0xef, 0x69, 0x0b, 0x00, 0x00, 0x00, 0x00, 0x0d, 0x9a, 0xf9, 
  0xf0, 0x8d, 0x0d, 0x00, 0x00, 0x00, 0x00, 0x13, 0x76, 0xef, 0xd5, 0x0a, 0x11, 0x11, 0x00, 0x00, 
  0x00, 0x2d, 0xff, 0x62, 0xa3, 0xd1, 0x00, 0x00, 0x00, 0x01, 0xf5, 0x7f, 0x66, 0xfe, 0x5a, 0x00, 
  0x01, 0x70, 0xff, 0x4c, 0x02, 0xab, 0xff, 0xe7, 0xed, 0xff, 0x9d, 0x00, 0x00, 0x00, 0x38, 0xc5, 
  0xb5, 0x31, 0x00, 0x00, 0x00, 0x00, 0x00, 0x9f, 0x87, 0x00, 0x00, 0x00, 0x13, 0xbb, 0xf2, 0xab, 
  0x08, 0x00, 0x00, 0x00, 0x00, 0x00, 0x83, 0xa5, 0x0c, 0xc2, 0x63, 0x00, 0x31, 0x16, 0x00, 0x00, 
  0xa6, 0x6d, 0x00, 0x8d, 0x86, 0x03, 0xd6, 0x45, 0x00, 0x00, 0x83, 0xa3, 0x09, 0xc1, 0x63, 0x61, 
  0xbf, 0x00, 0x00, 0x00, 0x12, 0xb9, 0xef, 0xaa, 0x0e, 0xe0, 0x38, 0x00, 0x00, 0x00, 0x00, 0x00, 
  0x00, 0x00, 0x6f, 0xb0, 0x00, 0x00, 0x00, 0x00, 0x00, 0x00, 0x00, 0x0c, 0xe7, 0x2c, 0x00, 0x00, 
  0x00, 0x00, 0x00, 0x00, 0x00, 0x7e, 0xa2, 0x3c, 0xd8, 0xe9, 0x71, 0x00, 0x00, 0x00, 0x13, 0xeb, 
  0x21, 0xd1, 0x5b, 0x20, 0xf3, 0x19, 0x00, 0x00, 0x89, 0x93, 0x00, 0xf2, 0x21, 0x00, 0xd9, 0x3a, 
  0x00, 0x00, 0x16, 0x14, 0x00, 0xd3, 0x5a, 0x1e, 0xf3, 0x1a, 0x00, 0x00, 0x00, 0x00, 0x00, 0x3f, 
  0xdd, 0xed, 0x74, 0x00, 0x00, 0x00, 0x32, 0xc3, 0xf3, 0xcb, 0x33, 0x00, 0x00, 0x00, 0x00, 0x01, 
  0xde, 0xce, 0x4b, 0xb7, 0xd8, 0x00, 0x00, 0x00, 0x00, 0x1e, 0xff, 0x54, 0x00, 0x4c, 0xff, 0x08, 
  0x00, 0x00, 0x00, 0x11, 0xfc, 0x6e, 0x03, 0xa7, 0xcb, 0x00, 0x00, 0x00, 0x00, 0x00, 0xa4, 0xe2, 
  0xba, 0xd9, 0x21, 0x00, 0x00, 0x00, 0x00, 0x00, 0x49, 0xff, 0xeb, 0x11, 0x00, 0x00, 0x00, 0x00, 
  0x00, 0x38, 0xf4, 0xbd, 0xfd, 0x68, 0x00, 0x34, 0xa3, 0x01, 0x00, 0xd6, 0xbe, 0x02, 0x87, 0xf7, 
  0x2c, 0x6d, 0xe9, 0x00, 0x1a, 0xff, 0x56, 0x00, 0x05, 0xca, 0xd5, 0xc5, 0xa4, 0x00, 0x0a, 0xfd, 
  0x6e, 0x00, 0x00, 0x23, 0xf3, 0xfc, 0x2d, 0x00, 0x00, 0xa8, 0xec, 0x63, 0x41, 0x8d, 0xfa, 0xff, 
  0x4f, 0x00, 0x00, 0x0d, 0x90, 0xe1, 0xf7, 0xc6, 0x45, 0xb5, 0xe8, 0x14, 0x1f, 0xff, 0x1b, 0x20, 
  0xff, 0x12, 0x22, 0xff, 0x04, 0x20, 0xe3, 0x00, 0x00, 0x00, 0x00, 0x00, 0x24, 0x00, 0x00, 0x00, 
  0x75, 0xc5, 0x00, 0x00, 0x44, 0xef, 0x21, 0x00, 0x03, 0xda, 0x77, 0x00, 0x00, 0x52, 0xf8, 0x0f, 
  0x00, 0x00, 0xab, 0xb3, 0x00, 0x00, 0x00, 0xe9, 0x7a, 0x00, 0x00, 0x12, 0xff, 0x53, 0x00, 0x00, 
  0x26, 0xff, 0x44, 0x00, 0x00, 0x2e, 0xff, 0x3f, 0x00, 0x00, 0x1b, 0xff, 0x4d, 0x00, 0x00, 0x06, 
  0xfa, 0x66, 0x00, 0x00, 0x00, 0xc6, 0x95, 0x00, 0x00, 0x00, 0x7e, 0xdc, 0x00, 0x00, 0x00, 0x1a, 
  0xfb, 0x3d, 0x00, 0x00, 0x00, 0x8c, 0xc1, 0x01, 0x00, 0x00, 0x09, 0xcc, 0x83, 0x00, 0x00, 0x00, 
  0x16, 0x7e, 0x18, 0x0c, 0x00, 0x00, 0x00, 0x56, 0xd1, 0x10, 0x00, 0x00, 0x00, 0xa3, 0xb3, 0x00, 
  0x00, 0x00, 0x18, 0xf5, 0x4d, 0x00, 0x00, 0x00, 0x9e, 0xbe, 0x00, 0x00, 0x00, 0x49, 0xff, 0x18, 
  0x00, 0x00, 0x0f, 0xff, 0x58, 0x00, 0x00, 0x00, 0xee, 0x7f, 0x00, 0x00, 0x00, 0xdb, 0x94, 0x00, 
  0x00, 0x00, 0xd4, 0x9d, 0x00, 0x00, 0x00, 0xe3, 0x87, 0x00, 0x00, 0x04, 0xf9, 0x6c, 0x00, 0x00, 
  0x29, 0xff, 0x31, 0x00, 0x00, 0x70, 0xe6, 0x02, 0x00, 0x00, 0xcc, 0x7e, 0x00, 0x00, 0x50, 0xe7, 
  0x0f, 0x00, 0x29, 0xe7, 0x48, 0x00, 0x00, 0x44, 0x4f, 0x00, 0x00, 0x00, 0x00, 0x00, 0x00, 0xa4, 
  0xae, 0x00, 0x00, 0x00, 0x00, 0x00, 0x00, 0x95, 0x9e, 0x00, 0x00, 0x00, 0x54, 0x6f, 0x0e, 0x86, 
  0x8e, 0x07, 0x5f, 0x4b, 0x7e, 0xf3, 0xf2, 0xd5, 0xd1, 0xea, 0xfc, 0x89, 0x00, 0x05, 0x46, 0xf7, 
  0xf4, 0x4f, 0x0e, 0x00, 0x00, 0x00, 0x9f, 0xb4, 0xcb, 0x87, 0x00, 0x00, 0x00, 0x63, 0xfa, 0x26, 
  0x3d, 0xfe, 0x4b, 0x00, 0x00, 0x58, 0x82, 0x00, 0x00, 0xa1, 0x52, 0x00, 0x00, 0x00, 0x00, 0x00, 
  0x00, 0x00, 0x00, 0x00, 0x00, 0x00, 0x00, 0x00, 0x95, 0x5b, 0x00, 0x00, 0x00, 0x00, 0x00, 0x00, 
  0x00, 0xe3, 0x8b, 0x00, 0x00, 0x00, 0x00, 0x00, 0x00, 0x00, 0xe3, 0x8b, 0x00, 0x00, 0x00, 0x00, 
  0x00, 0x00, 0x00, 0xe3, 0x8b, 0x00, 0x00, 0x00, 0x0f, 0xff, 0xff, 0xff, 0xff, 0xff, 0xff, 0xff, 
  0xbb, 0x07, 0x7f, 0x7f, 0x7f, 0xf1, 0xc5, 0x7f, 0x7f, 0x5d, 0x00, 0x00, 0x00, 0x00, 0xe3, 0x8b, 
  0x00, 0x00, 0x00, 0x00, 0x00, 0x00, 0x00, 0xe3, 0x8b, 0x00, 0x00, 0x00, 0x00, 0x00, 0x00, 0x00, 
  0xe3, 0x8b, 0x00, 0x00, 0x00, 0x00, 0x8b, 0xff, 0x07, 0x00, 0x90, 0xfe, 0x04, 0x00, 0xad, 0xd9, 
  0x00, 0x0f, 0xf3, 0x70, 0x00, 0x05, 0x57, 0x02, 0x00, 0x02, 0x07, 0x07, 0x07, 0x07, 0x07, 0x05, 
  0x4b, 0xff, 0xff, 0xff, 0xff, 0xff, 0xaf, 0x10, 0x37, 0x37, 0x37, 0x37, 0x37, 0x26, 0x00, 0x27, 
  0x28, 0x00, 0x0f, 0xf8, 0xf9, 0x14, 0x06, 0xd5, 0xd8, 0x09, 0x00, 0x00, 0x00, 0x00, 0x00, 0x77, 
  0xd4, 0x00, 0x00, 0x00, 0x00, 0x00, 0x00, 0xd4, 0x76, 0x00, 0x00, 0x00, 0x00, 0x00, 0x32, 0xfd, 
  0x1c, 0x00, 0x00, 0x00, 0x00, 0x00, 0x8f, 0xbb, 0x00, 0x00, 0x00, 0x00, 0x00, 0x04, 0xe9, 0x5e, 
  0x00, 0x00, 0x00, 0x00, 0x00, 0x4a, 0xf4, 0x0c, 0x00, 0x00, 0x00, 0x00, 0x00, 0xa8, 0xa3, 0x00, 
  0x00, 0x00, 0x00, 0x00, 0x0e, 0xf6, 0x45, 0x00, 0x00, 0x00, 0x00, 0x00, 0x63, 0xe5, 0x02, 0x00, 
  0x00, 0x00, 0x00, 0x00, 0xc0, 0x8a, 0x00, 0x00, 0x00, 0x00, 0x00, 0x1f, 0xfe, 0x2d, 0x00, 0x00, 
  0x00, 0x00, 0x00, 0x7b, 0xcf, 0x00, 0x00, 0x00, 0x00, 0x00, 0x00, 0xd8, 0x72, 0x00, 0x00, 0x00, 
  0x00, 0x00, 0x00, 0x33, 0xc0, 0xf7, 0xeb, 0x97, 0x0c, 0x00, 0x1d, 0xf1, 0xb2, 0x4d, 0x60, 0xe4, 
  0xb2, 0x00, 0x88, 0xe8, 0x08, 0x00, 0x00, 0x48, 0xff, 0x2c, 0xc4, 0xad, 0x00, 0x00, 0x00, 0x20, 
  0xff, 0x67, 0xd9, 0x99, 0x00, 0x00, 0x3b, 0xe6, 0xff, 0x7c, 0xdb, 0x97, 0x00, 0x6b, 0xf6, 0x71, 
  0xf4, 0x7f, 0xdb, 0xa1, 0xa2, 0xe7, 0x3e, 0x00, 0xf3, 0x7f, 0xd9, 0xff, 0xc4, 0x19, 0x00, 0x00, 
  0xf5, 0x7c, 0xc5, 0xc7, 0x05, 0x00, 0x00, 0x0c, 0xff, 0x68, 0x8b, 0xe4, 0x07, 0x00, 0x00, 0x4c, 
  0xff, 0x2e, 0x1f, 0xf2, 0xb1, 0x47, 0x5b, 0xe1, 0xb5, 0x00, 0x00, 0x35, 0xc2, 0xf7, 0xed, 0x9c, 
  0x0e, 0x00, 0x00, 0x00, 0x03, 0x4f, 0xb6, 0x0a, 0x16, 0x81, 0xe4, 0xff, 0xff, 0x0b, 0x5f, 0xdd, 
  0x79, 0x7c, 0xff, 0x0b, 0x0d, 0x01, 0x00, 0x63, 0xff, 0x0b, 0x00, 0x00, 0x00, 0x63, 0xff, 0x0b, 
  0x00, 0x00, 0x00, 0x63, 0xff, 0x0b, 0x00, 0x00, 0x00, 0x63, 0xff, 0x0b, 0x00, 0x00, 0x00, 0x63, 
  0xff, 0x0b, 0x00, 0x00, 0x00, 0x63, 0xff, 0x0b, 0x00, 0x00, 0x00, 0x63, 0xff, 0x0b, 0x00, 0x00, 
  0x00, 0x63, 0xff, 0x0b, 0x00, 0x00, 0x00, 0x63, 0xff, 0x0b, 0x00, 0x05, 0x7e, 0xe4, 0xf5, 0xca, 
  0x4e, 0x00, 0x00, 0x00, 0x9e, 0xec, 0x6a, 0x4a, 0xa5, 0xff, 0x44, 0x00, 0x1d, 0xff, 0x5c, 0x00, 
  0x00, 0x01, 0xd6, 0xab, 0x00, 0x2c, 0xa3, 0x1a, 0x00, 0x00, 0x00, 0xae, 0xc3, 0x00, 0x00, 0x00, 
  0x00, 0x00, 0x00, 0x06, 0xe6, 0x8c, 0x00, 0x00, 0x00, 0x00, 0x00, 0x00, 0x84, 0xf2, 0x1d, 0x00, 
  0x00, 0x00, 0x00, 0x00, 0x52, 0xfe, 0x5c, 0x00, 0x00, 0x00, 0x00, 0x00, 0x36, 0xf6, 0x84, 0x00, 
  0x00, 0x00, 0x00, 0x00, 0x20, 0xe8, 0xa1, 0x00, 0x00, 0x00, 0x00, 0x00, 0x0f, 0xd5, 0xba, 0x05, 
  0x00, 0x00, 0x00, 0x00, 0x04, 0xbc, 0xeb, 0x49, 0x3b, 0x3b, 0x3b, 0x3b, 0x14, 0x1b, 0xff, 0xff, 
  0xff, 0xff, 0xff, 0xff, 0xff, 0x57, 0x00, 0x08, 0x84, 0xdb, 0xf5, 0xd1, 0x61, 0x00, 0x00, 0xa2, 
  0xef, 0x6b, 0x45, 0x8a, 0xff, 0x52, 0x0e, 0xfe, 0x6b, 0x00, 0x00, 0x00, 0xcc, 0xa9, 0x03, 0x17, 
  0x06, 0x00, 0x00, 0x00, 0xc1, 0xb5, 0x00, 0x00, 0x00, 0x03, 0x13, 0x6e, 0xfc, 0x48, 0x00, 0x00, 
  0x00, 0xf3, 0xff, 0xff, 0x75, 0x00, 0x00, 0x00, 0x00, 0x31, 0x43, 0x95, 0xfe, 0x54, 0x00, 0x00, 
  0x00, 0x00, 0x00, 0x00, 0xb8, 0xcf, 0x18, 0x63, 0x15, 0x00, 0x00, 0x00, 0x8a, 0xed, 0x23, 0xff, 
  0x63, 0x00, 0x00, 0x00, 0xb6, 0xcc, 0x00, 0xa6, 0xee, 0x6a, 0x43, 0x89, 0xff, 0x4d, 0x00, 0x09, 
  0x85, 0xde, 0xf4, 0xcc, 0x51, 0x00, 0x00, 0x00, 0x00, 0x00, 0x00, 0x9e, 0xff, 0x37, 0x00, 0x00, 
  0x00, 0x00, 0x00, 0x3c, 0xfe, 0xff, 0x37, 0x00, 0x00, 0x00, 0x00, 0x04, 0xd3, 0xbe, 0xff, 0x37, 
  0x00, 0x00, 0x00, 0x00, 0x74, 0xe2, 0x43, 0xff, 0x37, 0x00, 0x00, 0x00, 0x1c, 0xf3, 0x50, 0x37, 
  0xff, 0x37, 0x00, 0x00, 0x00, 0xad, 0xb4, 0x00, 0x37, 0xff, 0x37, 0x00, 0x00, 0x4a, 0xf6, 0x21, 
  0x00, 0x37, 0xff, 0x37, 0x00, 0x08, 0xdd, 0x7e, 0x03, 0x03, 0x3b, 0xff, 0x3b, 0x03, 0x5f, 0xff, 
  0xff, 0xff, 0xff, 0xff, 0xff, 0xff, 0xcf, 0x15, 0x33, 0x33, 0x33, 0x33, 0x60, 0xff, 0x60, 0x2a, 
  0x00, 0x00, 0x00, 0x00, 0x00, 0x37, 0xff, 0x37, 0x00, 0x00, 0x00, 0x00, 0x00, 0x00, 0x37, 0xff, 
  0x37, 0x00, 0x00, 0x99, 0xff, 0xff, 0xff, 0xff, 0xff, 0x47, 0x00, 0xb2, 0xcf, 0x77, 0x77, 0x77, 
  0x77, 0x21, 0x00, 0xcc, 0x8d, 0x00, 0x00, 0x00, 0x00, 0x00, 0x00, 0xe6, 0x71, 0x01, 0x0b, 0x00, 
  0x00, 0x00, 0x03, 0xfc, 0xd1, 0xf6, 0xff, 0xce, 0x2e, 0x00, 0x11, 0xe8, 0xb2, 0x4f, 0x67, 0xe4, 
  0xeb, 0x0c, 0x00, 0x00, 0x00, 0x00, 0x00, 0x32, 0xff, 0x65, 0x00, 0x00, 0x00, 0x00, 0x00, 0x00, 
  0xe6, 0x8e, 0x2a, 0x4e, 0x00, 0x00, 0x00, 0x00, 0xe4, 0x8c, 0x51, 0xfd, 0x1b, 0x00, 0x00, 0x24, 
  0xfe, 0x62, 0x0a, 0xd5, 0xcd, 0x50, 0x52, 0xd4, 0xe4, 0x09, 0x00, 0x1c, 0xa6, 0xea, 0xf5, 0xb5, 
  0x1e, 0x00, 0x00, 0x00, 0x2f, 0xa7, 0xe6, 0xac, 0x00, 0x00, 0x00, 0x4b, 0xf9, 0xd7, 0x7b, 0x42, 
  0x00, 0x00, 0x12, 0xed, 0xa5, 0x07, 0x00, 0x00, 0x00, 0x00, 0x6d, 0xf0, 0x11, 0x00, 0x01, 0x00, 
  0x00, 0x00, 0xac, 0xbe, 0x96, 0xf3, 0xf8, 0x9f, 0x08, 0x00, 0xd0, 0xfd, 0xb3, 0x48, 0x6d, 0xf6, 
  0xa1, 0x00, 0xe0, 0xc9, 0x02, 0x00, 0x00, 0x75, 0xfc, 0x16, 0xdf, 0x94, 0x00, 0x00, 0x00, 0x2f, 
  0xff, 0x3d, 0xbe, 0xb1, 0x00, 0x00, 0x00, 0x30, 0xff, 0x35, 0x7a, 0xf5, 0x16, 0x00, 0x00, 0x73, 
  0xf7, 0x0e, 0x0e, 0xe5, 0xcc, 0x53, 0x72, 0xf6, 0x8c, 0x00, 0x00, 0x1e, 0xbb, 0xf7, 0xe9, 0x8b, 
  0x05, 0x00, 0x1f, 0xff, 0xff, 0xff, 0xff, 0xff, 0xff, 0xff, 0x8e, 0x0a, 0x53, 0x53, 0x53, 0x53, 
  0x53, 0x68, 0xff, 0x49, 0x00, 0x00, 0x00, 0x00, 0x00, 0x00, 0x7b, 0xdc, 0x01, 0x00, 0x00, 0x00, 
  0x00, 0x00, 0x05, 0xe6, 0x71, 0x00, 0x00, 0x00, 0x00, 0x00, 0x00, 0x5c, 0xf5, 0x10, 0x00, 0x00, 
  0x00, 0x00, 0x00, 0x00, 0xcd, 0x99, 0x00, 0x00, 0x00, 0x00, 0x00, 0x00, 0x3d, 0xff, 0x2e, 0x00, 
  0x00, 0x00, 0x00, 0x00, 0x00, 0xae, 0xc1, 0x00, 0x00, 0x00, 0x00, 0x00, 0x00, 0x21, 0xfd, 0x55, 
  0x00, 0x00, 0x00, 0x00, 0x00, 0x00, 0x8f, 0xe5, 0x04, 0x00, 0x00, 0x00, 0x00, 0x00, 0x0d, 0xf1, 
  0x7d, 0x00, 0x00, 0x00, 0x00, 0x00, 0x00, 0x6f, 0xfa, 0x18, 0x00, 0x00, 0x00, 0x00, 0x00, 0x24, 
  0xb0, 0xec, 0xeb, 0xac, 0x22, 0x00, 0x08, 0xdb, 0xd7, 0x55, 0x57, 0xd9, 0xda, 0x09, 0x3c, 0xff, 
  0x3c, 0x00, 0x00, 0x3d, 0xff, 0x49, 0x47, 0xff, 0x2d, 0x00, 0x00, 0x2b, 0xff, 0x44, 0x07, 0xdc, 
  0xb5, 0x1b, 0x1c, 0xb4, 0xd8, 0x08, 0x00, 0x28, 0xf1, 0xff, 0xff, 0xf0, 0x26, 0x00, 0x0a, 0xcf, 
  0xc9, 0x4d, 0x4e, 0xcc, 0xcd, 0x0a, 0x69, 0xfb, 0x17, 0x00, 0x00, 0x19, 0xfa, 0x69, 0x94, 0xe1, 
  0x00, 0x00, 0x00, 0x00, 0xde, 0x97, 0x7a, 0xf9, 0x13, 0x00, 0x00, 0x13, 0xf9, 0x7c, 0x16, 0xe9, 
  0xc5, 0x4f, 0x4f, 0xc6, 0xe8, 0x16, 0x00, 0x2a, 0xb3, 0xec, 0xec, 0xb2, 0x28, 0x00, 0x00, 0x2d, 
  0xc5, 0xf8, 0xe1, 0x68, 0x00, 0x00, 0x1b, 0xf3, 0xbb, 0x52, 0x8c, 0xff, 0x74, 0x00, 0x8b, 0xea, 
  0x08, 0x00, 0x00, 0x9e, 0xeb, 0x04, 0xbc, 0xaa, 0x00, 0x00, 0x00, 0x45, 0xff, 0x31, 0xc8, 0xa4, 
  0x00, 0x00, 0x00, 0x23, 0xff, 0x4e, 0xa4, 0xdb, 0x01, 0x00, 0x00, 0x48, 0xff, 0x50, 0x42, 0xff, 
  0x88, 0x18, 0x43, 0xe6, 0xff, 0x43, 0x00, 0x74, 0xfc, 0xff, 0xf6, 0x9a, 0xff, 0x22, 0x00, 0x00, 
  0x14, 0x30, 0x0d, 0x6a, 0xe6, 0x02, 0x00, 0x00, 0x00, 0x00, 0x1a, 0xe2, 0x81, 0x00, 0x00, 0x15, 
  0x65, 0x90, 0xed, 0xc8, 0x07, 0x00, 0x00, 0x3b, 0xf4, 0xd0, 0x79, 0x0a, 0x00, 0x00, 0x79, 0xf3, 
  0x4c, 0xa4, 0xff, 0x73, 0x0d, 0x40, 0x03, 0x00, 0x00, 0x00, 0x00, 0x00, 0x00, 0x00, 0x00, 0x00, 
  0x0d, 0x3f, 0x03, 0xa3, 0xff, 0x71, 0x7b, 0xf4, 0x4e, 0x00, 0x88, 0xf1, 0x3f, 0x00, 0xb4, 0xff, 
  0x63, 0x00, 0x12, 0x3e, 0x01, 0x00, 0x00, 0x00, 0x00, 0x00, 0x00, 0x00, 0x00, 0x00, 0x00, 0x00, 
  0x00, 0x00, 0x00, 0x00, 0x00, 0x00, 0x5c, 0xb3, 0x0b, 0x00, 0x84, 0xff, 0x0e, 0x00, 0x9a, 0xf2, 
  0x01, 0x01, 0xd8, 0x9d, 0x00, 0x0d, 0xa3, 0x18, 0x00, 0x00, 0x00, 0x00, 0x00, 0x00, 0x4a, 0xb6, 
  0x00, 0x00, 0x04, 0x5c, 0xd2, 0xff, 0xc7, 0x0b, 0x6e, 0xe1, 0xf7, 0xa0, 0x38, 0x00, 0xa8, 0xfa, 
  0x7d, 0x12, 0x00, 0x00, 0x00, 0x4e, 0xd7, 0xf1, 0x96, 0x2f, 0x00, 0x00, 0x00, 0x01, 0x51, 0xc9, 
  0xff, 0xc8, 0x60, 0x00, 0x00, 0x00, 0x00, 0x41, 0xb9, 0xf3, 0x00, 0x00, 0x00, 0x00, 0x00, 0x00, 
  0x2d, 0x0a, 0x0f, 0x0f, 0x0f, 0x0f, 0x0f, 0x0f, 0x05, 0xa3, 0xff, 0xff, 0xff, 0xff, 0xff, 0xff, 
  0x53, 0x28, 0x3f, 0x3f, 0x3f, 0x3f, 0x3f, 0x3f, 0x14, 0x0a, 0x0f, 0x0f, 0x0f, 0x0f, 0x0f, 0x0f, 
  0x05, 0xa3, 0xff, 0xff, 0xff, 0xff, 0xff, 0xff, 0x53, 0x26, 0x3b, 0x3b, 0x3b, 0x3b, 0x3b, 0x3b, 
  0x13, 0x84, 0x7c, 0x13, 0x00, 0x00, 0x00, 0x00, 0x00, 0x6c, 0xf4, 0xf6, 0x96, 0x26, 0x00, 0x00, 
  0x00, 0x00, 0x0d, 0x64, 0xc7, 0xfd, 0xb1, 0x3e, 0x00, 0x00, 0x00, 0x00, 0x00, 0x2a, 0xb7, 0xff, 
  0x48, 0x00, 0x00, 0x0d, 0x65, 0xcb, 0xfb, 0xa7, 0x1b, 0x2d, 0x9b, 0xf3, 0xf1, 0x8d, 0x1e, 0x00, 
  0x00, 0x9b, 0xe0, 0x72, 0x0e, 0x00, 0x00, 0x00, 0x00, 0x27, 0x04, 0x00, 0x00, 0x00, 0x00, 0x00, 
  0x00, 0x00, 0x38, 0xbb, 0xf0, 0xe8, 0xa7, 0x1c, 0x00, 0x20, 0xf1, 0xc4, 0x5e, 0x6d, 0xe6, 0xc9, 
  0x00, 0x67, 0xe5, 0x0d, 0x00, 0x00, 0x5b, 0xff, 0x1d, 0x00, 0x00, 0x00, 0x00, 0x00, 0x51, 0xff, 
  0x22, 0x00, 0x00, 0x00, 0x00, 0x01, 0xbd, 0xd2, 0x01, 0x00, 0x00, 0x00, 0x00, 0x90, 0xf9, 0x39, 
  0x00, 0x00, 0x00, 0x00, 0x78, 0xfc, 0x51, 0x00, 0x00, 0x00, 0x00, 0x00, 0xeb, 0x96, 0x00, 0x00, 
  0x00, 0x00, 0x00, 0x00, 0x96, 0x43, 0x00, 0x00, 0x00, 0x00, 0x00, 0x00, 0x00, 0x00, 0x00, 0x00, 
  0x00, 0x00, 0x00, 0x06, 0xb6, 0x4f, 0x00, 0x00, 0x00, 0x00, 0x00, 0x0f, 0xe3, 0x6b, 0x00, 0x00, 
  0x00, 0x00, 0x00, 0x0c, 0x91, 0xe9, 0xf5, 0xbc, 0x30, 0x00, 0x00, 0x00, 0x08, 0xc8, 0x93, 0x21, 
  0x12, 0x60, 0xe4, 0x25, 0x00, 0x00, 0x7c, 0x95, 0x0f, 0xbb, 0xf1, 0x80, 0x67, 0xa0, 0x00, 0x04, 
  0xe1, 0x12, 0x9e, 0x83, 0x2c, 0xbf, 0x09, 0xe1, 0x00, 0x36, 0xc1, 0x09, 0xe8, 0x06, 0x33, 0xaa, 
  0x00, 0xdf, 0x08, 0x60, 0x9b, 0x32, 0xbe, 0x00, 0x47, 0x95, 0x00, 0xd1, 0x07, 0x71, 0x86, 0x46, 
  0xae, 0x00, 0x5b, 0x81, 0x01, 0xd0, 0x00, 0x69, 0x95, 0x2d, 0xd9, 0x0a, 0xb4, 0x85, 0x50, 0x96, 
  0x00, 0x44, 0xb8, 0x01, 0xaa, 0xda, 0x5b, 0xd5, 0xc9, 0x13, 0x00, 0x08, 0xe9, 0x27, 0x00, 0x00, 
  0x00, 0x00, 0x00, 0x00, 0x00, 0x00, 0x67, 0xdd, 0x4a, 0x10, 0x25, 0x58, 0x00, 0x00, 0x00, 0x00, 
  0x00, 0x5a, 0xce, 0xf7, 0xeb, 0x85, 0x00, 0x00, 0x00, 0x00, 0x00, 0x00, 0x00, 0xd7, 0xa9, 0x00, 
  0x00, 0x00, 0x00, 0x00, 0x00, 0x00, 0x25, 0xff, 0xf1, 0x05, 0x00, 0x00, 0x00, 0x00, 0x00, 0x00, 
  0x74, 0xed, 0xfe, 0x43, 0x00, 0x00, 0x00, 0x00, 0x00, 0x00, 0xc2, 0x9e, 0xcf, 0x90, 0x00, 0x00, 
  0x00, 0x00, 0x00, 0x13, 0xfc, 0x57, 0x89, 0xdd, 0x00, 0x00, 0x00, 0x00, 0x00, 0x5f, 0xfd, 0x13, 
  0x43, 0xff, 0x2a, 0x00, 0x00, 0x00, 0x00, 0xad, 0xc9, 0x00, 0x07, 0xf5, 0x77, 0x00, 0x00, 0x00, 
  0x07, 0xf3, 0x8c, 0x0f, 0x0f, 0xbd, 0xc4, 0x00, 0x00, 0x00, 0x4a, 0xff, 0xff, 0xff, 0xff, 0xff, 
  0xfd, 0x14, 0x00, 0x00, 0x98, 0xe7, 0x3f, 0x3f, 0x3f, 0x50, 0xff, 0x5e, 0x00, 0x01, 0xe5, 0x93, 
  0x00, 0x00, 0x00, 0x00, 0xcc, 0xab, 0x00, 0x34, 0xff, 0x3e, 0x00, 0x00, 0x00, 0x00, 0x79, 0xf2, 
  0x06, 0xa7, 0xff, 0xff, 0xfe, 0xe4, 0x9f, 0x1f, 0x00, 0xa7, 0xdb, 0x4b, 0x4c, 0x6b, 0xdb, 0xde, 
  0x11, 0xa7, 0xcb, 0x00, 0x00, 0x00, 0x2e, 0xff, 0x5e, 0xa7, 0xcb, 0x00, 0x00, 0x00, 0x1c, 0xff, 
  0x5e, 0xa7, 0xcd, 0x07, 0x08, 0x2a, 0xb9, 0xe2, 0x10, 0xa7, 0xff, 0xff, 0xff, 0xff, 0xf0, 0x31, 
  0x00, 0xa7, 0xd7, 0x37, 0x37, 0x4a, 0xbb, 0xe9, 0x22, 0xa7, 0xcb, 0x00, 0x00, 0x00, 0x09, 0xe9, 
  0x92, 0xa7, 0xcb, 0x00, 0x00, 0x00, 0x00, 0xc4, 0xb8, 0xa7, 0xcb, 0x00, 0x00, 0x00, 0x11, 0xef, 
  0x96, 0xa7, 0xda, 0x47, 0x47, 0x5e, 0xce, 0xee, 0x1f, 0xa7, 0xff, 0xff, 0xff, 0xea, 0xad, 0x29, 
  0x00, 0x00, 0x00, 0x2a, 0xb5, 0xef, 0xf0, 0xa4, 0x17, 0x00, 0x00, 0x20, 0xeb, 0xba, 0x4d, 0x59, 
  0xda, 0xd8, 0x07, 0x00, 0x9d, 0xdb, 0x07, 0x00, 0x00, 0x23, 0xfb, 0x67, 0x02, 0xed, 0x81, 0x00, 
  0x00, 0x00, 0x00, 0x98, 0x78, 0x19, 0xff, 0x56, 0x00, 0x00, 0x00, 0x00, 0x00, 0x00, 0x27, 0xff, 
  0x4c, 0x00, 0x00, 0x00, 0x00, 0x00, 0x00, 0x27, 0xff, 0x4c, 0x00, 0x00, 0x00, 0x00, 0x00, 0x00, 
  0x19, 0xff, 0x56, 0x00, 0x00, 0x00, 0x00, 0x00, 0x00, 0x02, 0xee, 0x81, 0x00, 0x00, 0x00, 0x00, 
  0x8c, 0x70, 0x00, 0x9d, 0xdb, 0x07, 0x00, 0x00, 0x1e, 0xf9, 0x64, 0x00, 0x21, 0xec, 0xb8, 0x4a, 
  0x56, 0xd4, 0xd4, 0x06, 0x00, 0x00, 0x2a, 0xb4, 0xef, 0xf0, 0xa1, 0x15, 0x00, 0xc7, 0xff, 0xff, 
  0xec, 0xb7, 0x41, 0x00, 0x00, 0xc7, 0xc3, 0x40, 0x56, 0xab, 0xfd, 0x6c, 0x00, 0xc7, 0xaf, 0x00, 
  0x00, 0x00, 0x85, 0xf9, 0x29, 0xc7, 0xaf, 0x00, 0x00, 0x00, 0x08, 0xea, 0x8b, 0xc7, 0xaf, 0x00, 
  0x00, 0x00, 0x00, 0xac, 0xc4, 0xc7, 0xaf, 0x00, 0x00, 0x00, 0x00, 0x93, 0xdb, 0xc7, 0xaf, 0x00, 
  0x00, 0x00, 0x00, 0x93, 0xdc, 0xc7, 0xaf, 0x00, 0x00, 0x00, 0x00, 0xac, 0xc7, 0xc7, 0xaf, 0x00, 
  0x00, 0x00, 0x06, 0xe9, 0x8e, 0xc7, 0xaf, 0x00, 0x00, 0x00, 0x7d, 0xfa, 0x2a, 0xc7, 0xc2, 0x3c, 
  0x52, 0xa6, 0xfe, 0x6f, 0x00, 0xc7, 0xff, 0xff, 0xeb, 0xbb, 0x46, 0x00, 0x00, 0x93, 0xff, 0xff, 
  0xff, 0xff, 0xff, 0xff, 0x57, 0x93, 0xe9, 0x4b, 0x4b, 0x4b, 0x4b, 0x4b, 0x1a, 0x93, 0xdf, 0x00, 
  0x00, 0x00, 0x00, 0x00, 0x00, 0x93, 0xdf, 0x00, 0x00, 0x00, 0x00, 0x00, 0x00, 0x93, 0xe1, 0x0b, 
  0x0b, 0x0b, 0x0b, 0x07, 0x00, 0x93, 0xff, 0xff, 0xff, 0xff, 0xff, 0x9f, 0x00, 0x93, 0xe7, 0x3b, 
  0x3b, 0x3b, 0x3b, 0x25, 0x00, 0x93, 0xdf, 0x00, 0x00, 0x00, 0x00, 0x00, 0x00, 0x93, 0xdf, 0x00, 
  0x00, 0x00, 0x00, 0x00, 0x00, 0x93, 0xdf, 0x00, 0x00, 0x00, 0x00, 0x00, 0x00, 0x93, 0xe8, 0x47, 
  0x47, 0x47, 0x47, 0x47, 0x1d, 0x93, 0xff, 0xff, 0xff, 0xff, 0xff, 0xff, 0x67, 0x7f, 0xff, 0xff, 
  0xff, 0xff, 0xff, 0xff, 0x7b, 0x7f, 0xf7, 0x4b, 0x4b, 0x4b, 0x4b, 0x4b, 0x24, 0x7f, 0xf3, 0x00, 
  0x00, 0x00, 0x00, 0x00, 0x00, 0x7f, 0xf3, 0x00, 0x00, 0x00, 0x00, 0x00, 0x00, 0x7f, 0xf3, 0x00, 
  0x00, 0x00, 0x00, 0x00, 0x00, 0x7f, 0xf4, 0x0b, 0x0b, 0x0b, 0x0b, 0x08, 0x00, 0x7f, 0xff, 0xff, 
  0xff, 0xff, 0xff, 0xaf, 0x00, 0x7f, 0xf6, 0x3b, 0x3b, 0x3b, 0x3b, 0x29, 0x00, 0x7f, 0xf3, 0x00, 
  0x00, 0x00, 0x00, 0x00, 0x00, 0x7f, 0xf3, 0x00, 0x00, 0x00, 0x00, 0x00, 0x00, 0x7f, 0xf3, 0x00, 
  0x00, 0x00, 0x00, 0x00, 0x00, 0x7f, 0xf3, 0x00, 0x00, 0x00, 0x00, 0x00, 0x00, 0x00, 0x00, 0x29, 
  0xb1, 0xee, 0xe4, 0xa2, 0x1a, 0x00, 0x00, 0x21, 0xeb, 0xc7, 0x5d, 0x66, 0xdb, 0xdb, 0x0c, 0x00, 
  0xa2, 0xde, 0x0a, 0x00, 0x00, 0x21, 0xfa, 0x6d, 0x04, 0xf3, 0x7c, 0x00, 0x00, 0x00, 0x00, 0x73, 
  0x5a, 0x26, 0xff, 0x4a, 0x00, 0x00, 0x00, 0x00, 0x00, 0x00, 0x36, 0xff, 0x3c, 0x00, 0x00, 0x0b, 
  0x0b, 0x0b, 0x08, 0x36, 0xff, 0x3c, 0x00, 0x00, 0xfb, 0xff, 0xff, 0xb3, 0x24, 0xff, 0x50, 0x00, 
  0x00, 0x3b, 0x3b, 0xc0, 0xb4, 0x03, 0xed, 0x8a, 0x00, 0x00, 0x00, 0x00, 0xae, 0xb5, 0x00, 0x91, 
  0xeb, 0x16, 0x00, 0x00, 0x00, 0xb1, 0xb6, 0x00, 0x15, 0xdf, 0xd9, 0x62, 0x50, 0x8e, 0xfc, 0x78, 
  0x00, 0x00, 0x1c, 0xa3, 0xe9, 0xf1, 0xc3, 0x50, 0x00, 0xe3, 0x77, 0x00, 0x00, 0x00, 0x00, 0xdf, 
  0x7f, 0xe3, 0x77, 0x00, 0x00, 0x00, 0x00, 0xdf, 0x7f, 0xe3, 0x77, 0x00, 0x00, 0x00, 0x00, 0xdf, 
  0x7f, 0xe3, 0x77, 0x00, 0x00, 0x00, 0x00, 0xdf, 0x7f, 0xe3, 0x7e, 0x0b, 0x0b, 0x0b, 0x0b, 0xe1, 
  0x7f, 0xe3, 0xff, 0xff, 0xff, 0xff, 0xff, 0xff, 0x7f, 0xe3, 0x97, 0x3b, 0x3b, 0x3b, 0x3b, 0xe7, 
  0x7f, 0xe3, 0x77, 0x00, 0x00, 0x00, 0x00, 0xdf, 0x7f, 0xe3, 0x77, 0x00, 0x00, 0x00, 0x00, 0xdf, 
  0x7f, 0xe3, 0x77, 0x00, 0x00, 0x00, 0x00, 0xdf, 0x7f, 0xe3, 0x77, 0x00, 0x00, 0x00, 0x00, 0xdf, 
  0x7f, 0xe3, 0x77, 0x00, 0x00, 0x00, 0x00, 0xdf, 0x7f, 0xa3, 0xff, 0xff, 0xff, 0xff, 0xff, 0xff, 
  0x3b, 0x33, 0x4f, 0x4f, 0xfa, 0xaa, 0x4f, 0x4f, 0x12, 0x00, 0x00, 0x00, 0xf7, 0x83, 0x00, 0x00, 
  0x00, 0x00, 0x00, 0x00, 0xf7, 0x83, 0x00, 0x00, 0x00, 0x00, 0x00, 0x00, 0xf7, 0x83, 0x00, 0x00, 
  0x00, 0x00, 0x00, 0x00, 0xf7, 0x83, 0x00, 0x00, 0x00, 0x00, 0x00, 0x00, 0xf7, 0x83, 0x00, 0x00, 
  0x00, 0x00, 0x00, 0x00, 0xf7, 0x83, 0x00, 0x00, 0x00, 0x00, 0x00, 0x00, 0xf7, 0x83, 0x00, 0x00, 
  0x00, 0x00, 0x00, 0x00, 0xf7, 0x83, 0x00, 0x00, 0x00, 0x33, 0x4f, 0x4f, 0xfa, 0xaa, 0x4f, 0x4f, 
  0x12, 0xa3, 0xff, 0xff, 0xff, 0xff, 0xff, 0xff, 0x3b, 0x00, 0x00, 0x00, 0x00, 0x00, 0x00, 0x4b, 
  0xff, 0x2b, 0x00, 0x00, 0x00, 0x00, 0x00, 0x00, 0x4b, 0xff, 0x2b, 0x00, 0x00, 0x00, 0x00, 0x00, 
  0x00, 0x4b, 0xff, 0x2b, 0x00, 0x00, 0x00, 0x00, 0x00, 0x00, 0x4b, 0xff, 0x2b, 0x00, 0x00, 0x00, 
  0x00, 0x00, 0x00, 0x4b, 0xff, 0x2b, 0x00, 0x00, 0x00, 0x00, 0x00, 0x00, 0x4b, 0xff, 0x2b, 0x00, 
  0x00, 0x00, 0x00, 0x00, 0x00, 0x4b, 0xff, 0x2b, 0x00, 0x00, 0x00, 0x00, 0x00, 0x00, 0x4b, 0xff, 
  0x2b, 0x18, 0x93, 0x2b, 0x00, 0x00, 0x00, 0x59, 0xff, 0x23, 0x04, 0xf3, 0x8c, 0x00, 0x00, 0x00, 
  0xa4, 0xeb, 0x04, 0x00, 0x76, 0xfc, 0x8d, 0x54, 0x97, 0xff, 0x60, 0x00, 0x00, 0x01, 0x69, 0xd4, 
  0xf7, 0xd8, 0x57, 0x00, 0x00, 0xa7, 0xd3, 0x00, 0x00, 0x00, 0x29, 0xf4, 0xa3, 0x00, 0xa7, 0xd3, 
  0x00, 0x00, 0x0a, 0xd4, 0xd5, 0x0b, 0x00, 0xa7, 0xd3, 0x00, 0x00, 0xa1, 0xf5, 0x2a, 0x00, 0x00, 
  0xa7, 0xd3, 0x00, 0x64, 0xff, 0x5e, 0x00, 0x00, 0x00, 0xa7, 0xd3, 0x2f, 0xf7, 0x9c, 0x00, 0x00, 
  0x00, 0x00, 0xa7, 0xdf, 0xd9, 0xff, 0x3e, 0x00, 0x00, 0x00, 0x00, 0xa7, 0xff, 0xe9, 0xdb, 0xd0, 
  0x04, 0x00, 0x00, 0x00, 0xa7, 0xf8, 0x3a, 0x41, 0xff, 0x74, 0x00, 0x00, 0x00, 0xa7, 0xd3, 0x00, 
  0x00, 0xa1, 0xf5, 0x20, 0x00, 0x00, 0xa7, 0xd3, 0x00, 0x00, 0x15, 0xee, 0xb6, 0x00, 0x00, 0xa7, 
  0xd3, 0x00, 0x00, 0x00, 0x65, 0xff, 0x56, 0x00, 0xa7, 0xd3, 0x00, 0x00, 0x00, 0x01, 0xc5, 0xe7, 
  0x10, 0x73, 0xff, 0x00, 0x00, 0x00, 0x00, 0x00, 0x00, 0x73, 0xff, 0x00, 0x00, 0x00, 0x00, 0x00, 
  0x00, 0x73, 0xff, 0x00, 0x00, 0x00, 0x00, 0x00, 0x00, 0x73, 0xff, 0x00, 0x00, 0x00, 0x00, 0x00, 
  0x00, 0x73, 0xff, 0x00, 0x00, 0x00, 0x00, 0x00, 0x00, 0x73, 0xff, 0x00, 0x00, 0x00, 0x00, 0x00, 
  0x00, 0x73, 0xff, 0x00, 0x00, 0x00, 0x00, 0x00, 0x00, 0x73, 0xff, 0x00, 0x00, 0x00, 0x00, 0x00, 
  0x00, 0x73, 0xff, 0x00, 0x00, 0x00, 0x00, 0x00, 0x00, 0x73, 0xff, 0x00, 0x00, 0x00, 0x00, 0x00, 
  0x00, 0x73, 0xff, 0x47, 0x47, 0x47, 0x47, 0x47, 0x28, 0x73, 0xff, 0xff, 0xff, 0xff, 0xff, 0xff, 
  0x8f, 0xd7, 0xfe, 0x1b, 0x00, 0x00, 0x5f, 0xff, 0x97, 0xd7, 0xff, 0x69, 0x00, 0x00, 0xb4, 0xff, 
  0x97, 0xd7, 0xf1, 0xb7, 0x00, 0x10, 0xf9, 0xe7, 0x97, 0xd7, 0xae, 0xf9, 0x0d, 0x5f, 0xe2, 0xba, 
  0x97, 0xd7, 0x81, 0xe4, 0x55, 0xb4, 0x8e, 0xbe, 0x97, 0xd7, 0x85, 0x97, 0xb4, 0xf9, 0x3b, 0xc5, 
  0x97, 0xd7, 0x8a, 0x49, 0xff, 0xe6, 0x01, 0xcb, 0x97, 0xd7, 0x8f, 0x07, 0xf3, 0x93, 0x00, 0xcf, 
  0x97, 0xd7, 0x8f, 0x00, 0x7a, 0x33, 0x00, 0xcf, 0x97, 0xd7, 0x8f, 0x00, 0x00, 0x00, 0x00, 0xcf, 
  0x97, 0xd7, 0x8f, 0x00, 0x00, 0x00, 0x00, 0xcf, 0x97, 0xd7, 0x8f, 0x00, 0x00, 0x00, 0x00, 0xcf, 
  0x97, 0xdf, 0xd4, 0x01, 0x00, 0x00, 0x00, 0xf8, 0x7b, 0xdf, 0xff, 0x53, 0x00, 0x00, 0x00, 0xf9, 
  0x7b, 0xdf, 0xff, 0xd1, 0x01, 0x00, 0x00, 0xfa, 0x7b, 0xdf, 0xc6, 0xfe, 0x4f, 0x00, 0x00, 0xfb, 
  0x7b, 0xdf, 0x9a, 0xab, 0xcd, 0x00, 0x00, 0xfc, 0x7b, 0xdf, 0x99, 0x2f, 0xfe, 0x4b, 0x00, 0xfd, 
  0x7b, 0xdf, 0x98, 0x00, 0xaf, 0xca, 0x00, 0xfe, 0x7b, 0xdf, 0x97, 0x00, 0x32, 0xff, 0x47, 0xff, 
  0x7b, 0xdf, 0x96, 0x00, 0x00, 0xb4, 0xc6, 0xff, 0x7b, 0xdf, 0x95, 0x00, 0x00, 0x37, 0xff, 0xff, 
  0x7b, 0xdf, 0x94, 0x00, 0x00, 0x00, 0xb8, 0xff, 0x7b, 0xdf, 0x93, 0x00, 0x00, 0x00, 0x3b, 0xff, 
  0x7b, 0x00, 0x00, 0x2c, 0xb8, 0xf1, 0xe0, 0x85, 0x07, 0x00, 0x00, 0x1c, 0xeb, 0xce, 0x6a, 0x85, 
  0xf5, 0xa0, 0x00, 0x00, 0x96, 0xe4, 0x0d, 0x00, 0x00, 0x59, 0xff, 0x31, 0x00, 0xe9, 0x86, 0x00, 
  0x00, 0x00, 0x02, 0xe8, 0x83, 0x19, 0xff, 0x52, 0x00, 0x00, 0x00, 0x00, 0xba, 0xb1, 0x2a, 0xff, 
  0x40, 0x00, 0x00, 0x00, 0x00, 0xac, 0xc2, 0x2a, 0xff, 0x40, 0x00, 0x00, 0x00, 0x00, 0xac, 0xc2, 
  0x19, 0xff, 0x51, 0x00, 0x00, 0x00, 0x00, 0xba, 0xb1, 0x01, 0xea, 0x86, 0x00, 0x00, 0x00, 0x01, 
  0xe8, 0x84, 0x00, 0x97, 0xe3, 0x0c, 0x00, 0x00, 0x52, 0xff, 0x33, 0x00, 0x1e, 0xeb, 0xc9, 0x64, 
  0x7c, 0xf2, 0xa1, 0x00, 0x00, 0x00, 0x2b, 0xb7, 0xf1, 0xe1, 0x87, 0x07, 0x00, 0x7f, 0xff, 0xff, 
  0xff, 0xf0, 0xbe, 0x3f, 0x00, 0x7f, 0xf3, 0x3f, 0x3f, 0x4f, 0xad, 0xfd, 0x3d, 0x7f, 0xef, 0x00, 
  0x00, 0x00, 0x01, 0xc9, 0xc5, 0x7f, 0xef, 0x00, 0x00, 0x00, 0x00, 0x8b, 0xed, 0x7f, 0xef, 0x00, 
  0x00, 0x00, 0x00, 0xaf, 0xd4, 0x7f, 0xf0, 0x07, 0x07, 0x16, 0x73, 0xfe, 0x62, 0x7f, 0xff, 0xff, 
  0xff, 0xff, 0xf3, 0x76, 0x00, 0x7f, 0xf3, 0x37, 0x37, 0x2a, 0x06, 0x00, 0x00, 0x7f, 0xef, 0x00, 
  0x00, 0x00, 0x00, 0x00, 0x00, 0x7f, 0xef, 0x00, 0x00, 0x00, 0x00, 0x00, 0x00, 0x7f, 0xef, 0x00, 
  0x00, 0x00, 0x00, 0x00, 0x00, 0x7f, 0xef, 0x00, 0x00, 0x00, 0x00, 0x00, 0x00, 0x00, 0x00, 0x2d, 
  0xb7, 0xf0, 0xe1, 0x8a, 0x09, 0x00, 0x00, 0x00, 0x23, 0xee, 0xc8, 0x69, 0x80, 0xf0, 0xaa, 0x00, 
  0x00, 0x00, 0xa5, 0xda, 0x08, 0x00, 0x00, 0x43, 0xff, 0x3f, 0x00, 0x06, 0xf6, 0x73, 0x00, 0x00, 
  0x00, 0x00, 0xd7, 0x95, 0x00, 0x2d, 0xff, 0x3e, 0x00, 0x00, 0x00, 0x00, 0xa6, 0xc5, 0x00, 0x41, 
  0xff, 0x2d, 0x00, 0x00, 0x00, 0x00, 0x95, 0xd9, 0x00, 0x41, 0xff, 0x2d, 0x00, 0x00, 0x00, 0x00, 
  0x95, 0xd9, 0x00, 0x2e, 0xff, 0x3d, 0x00, 0x00, 0x00, 0x00, 0xa5, 0xc6, 0x00, 0x06, 0xf6, 0x73, 
  0x00, 0x00, 0x00, 0x00, 0xd6, 0x96, 0x00, 0x00, 0xa4, 0xd8, 0x07, 0x00, 0x00, 0x40, 0xff, 0x40, 
  0x00, 0x00, 0x21, 0xed, 0xc4, 0x64, 0x78, 0xef, 0xac, 0x00, 0x00, 0x00, 0x00, 0x2c, 0xb9, 0xf1, 
  0xf0, 0xff, 0x8d, 0x01, 0x00, 0x00, 0x00, 0x00, 0x00, 0x00, 0x00, 0x6e, 0xfd, 0xa6, 0x02, 0x00, 
  0x00, 0x00, 0x00, 0x00, 0x00, 0x00, 0x54, 0x73, 0x00, 0x93, 0xff, 0xff, 0xfe, 0xe0, 0x9d, 0x1c, 
  0x00, 0x93, 0xe4, 0x3f, 0x41, 0x63, 0xd9, 0xdc, 0x0d, 0x93, 0xdb, 0x00, 0x00, 0x00, 0x23, 0xfe, 
  0x71, 0x93, 0xdb, 0x00, 0x00, 0x00, 0x00, 0xe4, 0x94, 0x93, 0xdb, 0x00, 0x00, 0x00, 0x0f, 0xfa, 
  0x79, 0x93, 0xdd, 0x07, 0x08, 0x2b, 0xb8, 0xf1, 0x1b, 0x93, 0xff, 0xff, 0xff, 0xff, 0xdd, 0x38, 
  0x00, 0x93, 0xe3, 0x37, 0x37, 0xc2, 0xc6, 0x00, 0x00, 0x93, 0xdb, 0x00, 0x00, 0x46, 0xff, 0x41, 
  0x00, 0x93, 0xdb, 0x00, 0x00, 0x00, 0xcf, 0xbb, 0x00, 0x93, 0xdb, 0x00, 0x00, 0x00, 0x57, 0xff, 
  0x37, 0x93, 0xdb, 0x00, 0x00, 0x00, 0x03, 0xdc, 0xb1, 0x00, 0x00, 0x31, 0xb5, 0xee, 0xe6, 0xa7, 
  0x22, 0x00, 0x00, 0x2e, 0xf3, 0xc3, 0x5a, 0x63, 0xd4, 0xea, 0x1a, 0x00, 0xa2, 0xeb, 0x09, 0x00, 
  0x00, 0x17, 0xf4, 0x99, 0x00, 0xb1, 0xde, 0x00, 0x00, 0x00, 0x00, 0x67, 0x67, 0x00, 0x59, 0xff, 
  0x89, 0x0a, 0x00, 0x00, 0x00, 0x00, 0x00, 0x00, 0x71, 0xf7, 0xef, 0x9a, 0x33, 0x00, 0x00, 0x00, 
  0x00, 0x00, 0x1e, 0x83, 0xe1, 0xfe, 0x8f, 0x00, 0x00, 0x00, 0x00, 0x00, 0x00, 0x03, 0x70, 0xfe, 
  0x6f, 0x06, 0x8b, 0x43, 0x00, 0x00, 0x00, 0x00, 0xca, 0xc7, 0x00, 0xdc, 0xc7, 0x03, 0x00, 0x00, 
  0x03, 0xdb, 0xbc, 0x00, 0x43, 0xfb, 0xbb, 0x5b, 0x58, 0xb8, 0xfa, 0x43, 0x00, 0x00, 0x2e, 0xb5, 
  0xf3, 0xef, 0xba, 0x3e, 0x00, 0x67, 0xff, 0xff, 0xff, 0xff, 0xff, 0xff, 0xff, 0xff, 0x07, 0x1e, 
  0x4b, 0x4b, 0x4b, 0xec, 0xa8, 0x4b, 0x4b, 0x4b, 0x02, 0x00, 0x00, 0x00, 0x00, 0xe3, 0x83, 0x00, 
  0x00, 0x00, 0x00, 0x00, 0x00, 0x00, 0x00, 0xe3, 0x83, 0x00, 0x00, 0x00, 0x00, 0x00, 0x00, 0x00, 
  0x00, 0xe3, 0x83, 0x00, 0x00, 0x00, 0x00, 0x00, 0x00, 0x00, 0x00, 0xe3, 0x83, 0x00, 0x00, 0x00, 
  0x00, 0x00, 0x00, 0x00, 0x00, 0xe3, 0x83, 0x00, 0x00, 0x00, 0x00, 0x00, 0x00, 0x00, 0x00, 0xe3, 
  0x83, 0x00, 0x00, 0x00, 0x00, 0x00, 0x00, 0x00, 0x00, 0xe3, 0x83, 0x00, 0x00, 0x00, 0x00, 0x00, 
  0x00, 0x00, 0x00, 0xe3, 0x83, 0x00, 0x00, 0x00, 0x00, 0x00, 0x00, 0x00, 0x00, 0xe3, 0x83, 0x00, 
  0x00, 0x00, 0x00, 0x00, 0x00, 0x00, 0x00, 0xe3, 0x83, 0x00, 0x00, 0x00, 0x00, 0xe4, 0x7b, 0x00, 
  0x00, 0x00, 0x00, 0xe4, 0x7f, 0xe4, 0x7c, 0x00, 0x00, 0x00, 0x00, 0xe5, 0x7f, 0xe5, 0x7d, 0x00, 
  0x00, 0x00, 0x00, 0xe6, 0x80, 0xe5, 0x7e, 0x00, 0x00, 0x00, 0x00, 0xe7, 0x80, 0xe6, 0x7f, 0x00, 
  0x00, 0x00, 0x00, 0xe8, 0x81, 0xe6, 0x80, 0x00, 0x00, 0x00, 0x00, 0xe9, 0x81, 0xe7, 0x81, 0x00, 
  0x00, 0x00, 0x00, 0xea, 0x82, 0xe7, 0x82, 0x00, 0x00, 0x00, 0x00, 0xeb, 0x82, 0xdd, 0x96, 0x00, 
  0x00, 0x00, 0x05, 0xfb, 0x78, 0xa1, 0xe2, 0x07, 0x00, 0x00, 0x54, 0xff, 0x3a, 0x1f, 0xf3, 0xc1, 
  0x5b, 0x73, 0xf1, 0xa8, 0x00, 0x00, 0x2a, 0xc1, 0xf7, 0xe8, 0x83, 0x04, 0x00, 0x4a, 0xff, 0x3e, 
  0x00, 0x00, 0x00, 0x00, 0xb0, 0xd9, 0x08, 0xf4, 0x86, 0x00, 0x00, 0x00, 0x05, 0xf2, 0x8c, 0x00, 
  0xb0, 0xcd, 0x00, 0x00, 0x00, 0x3f, 0xff, 0x3f, 0x00, 0x64, 0xfe, 0x16, 0x00, 0x00, 0x87, 0xef, 
  0x04, 0x00, 0x18, 0xfe, 0x5c, 0x00, 0x00, 0xcf, 0xa6, 0x00, 0x00, 0x00, 0xca, 0xa3, 0x00, 0x18, 
  0xfe, 0x59, 0x00, 0x00, 0x00, 0x7e, 0xea, 0x01, 0x5f, 0xfb, 0x11, 0x00, 0x00, 0x00, 0x31, 0xff, 
  0x32, 0xa7, 0xc0, 0x00, 0x00, 0x00, 0x00, 0x00, 0xe4, 0x7c, 0xec, 0x73, 0x00, 0x00, 0x00, 0x00, 
  0x00, 0x98, 0xea, 0xff, 0x26, 0x00, 0x00, 0x00, 0x00, 0x00, 0x4b, 0xff, 0xda, 0x00, 0x00, 0x00, 
  0x00, 0x00, 0x00, 0x08, 0xf5, 0x8d, 0x00, 0x00, 0x00, 0x5d, 0xfc, 0x03, 0x00, 0xcd, 0x9c, 0x00, 
  0x2d, 0xff, 0x2c, 0x40, 0xff, 0x19, 0x02, 0xf5, 0xc8, 0x00, 0x46, 0xff, 0x0f, 0x23, 0xff, 0x32, 
  0x22, 0xff, 0xf2, 0x00, 0x60, 0xf2, 0x00, 0x07, 0xfe, 0x4b, 0x4d, 0xd6, 0xf9, 0x1e, 0x79, 0xd4, 
  0x00, 0x00, 0xe8, 0x64, 0x77, 0xa7, 0xd4, 0x49, 0x93, 0xb7, 0x00, 0x00, 0xcb, 0x7d, 0xa2, 0x7d, 
  0xab, 0x74, 0xad, 0x99, 0x00, 0x00, 0xad, 0x96, 0xcd, 0x54, 0x82, 0x9f, 0xc6, 0x7c, 0x00, 0x00, 
  0x90, 0xb1, 0xf5, 0x2a, 0x59, 0xca, 0xe0, 0x5f, 0x00, 0x00, 0x73, 0xeb, 0xfb, 0x05, 0x30, 0xf4, 
  0xf9, 0x41, 0x00, 0x00, 0x55, 0xff, 0xd7, 0x00, 0x09, 0xfd, 0xff, 0x24, 0x00, 0x00, 0x38, 0xff, 
  0xad, 0x00, 0x00, 0xde, 0xff, 0x08, 0x00, 0x00, 0x1a, 0xff, 0x84, 0x00, 0x00, 0xb4, 0xea, 0x00, 
  0x00, 0x0c, 0xe8, 0xb9, 0x00, 0x00, 0x00, 0x08, 0xe3, 0xc4, 0x00, 0x00, 0x66, 0xff, 0x3f, 0x00, 
  0x00, 0x72, 0xff, 0x37, 0x00, 0x00, 0x03, 0xd4, 0xc4, 0x00, 0x0d, 0xeb, 0xa7, 0x00, 0x00, 0x00, 
  0x00, 0x49, 0xff, 0x49, 0x80, 0xf8, 0x20, 0x00, 0x00, 0x00, 0x00, 0x00, 0xbb, 0xd3, 0xf2, 0x8a, 
  0x00, 0x00, 0x00, 0x00, 0x00, 0x00, 0x2f, 0xfd, 0xec, 0x0f, 0x00, 0x00, 0x00, 0x00, 0x00, 0x00, 
  0x3b, 0xff, 0xf2, 0x17, 0x00, 0x00, 0x00, 0x00, 0x00, 0x01, 0xc9, 0xc6, 0xe4, 0x99, 0x00, 0x00, 
  0x00, 0x00, 0x00, 0x59, 0xff, 0x3c, 0x66, 0xfc, 0x2c, 0x00, 0x00, 0x00, 0x08, 0xe0, 0xb5, 0x00, 
  0x04, 0xdb, 0xb8, 0x00, 0x00, 0x00, 0x78, 0xfe, 0x30, 0x00, 0x00, 0x59, 0xff, 0x47, 0x00, 0x16, 
  0xf1, 0xa7, 0x00, 0x00, 0x00, 0x01, 0xd1, 0xd4, 0x03, 0x48, 0xff, 0x56, 0x00, 0x00, 0x00, 0x04, 
  0xe3, 0xb6, 0x00, 0xcf, 0xc6, 0x00, 0x00, 0x00, 0x57, 0xff, 0x3e, 0x00, 0x57, 0xff, 0x35, 0x00, 
  0x00, 0xc6, 0xc6, 0x00, 0x00, 0x03, 0xdc, 0xa4, 0x00, 0x35, 0xff, 0x4d, 0x00, 0x00, 0x00, 0x67, 
  0xfa, 0x19, 0xa4, 0xd4, 0x01, 0x00, 0x00, 0x00, 0x08, 0xe7, 0x9d, 0xfa, 0x5c, 0x00, 0x00, 0x00, 
  0x00, 0x00, 0x77, 0xff, 0xe0, 0x04, 0x00, 0x00, 0x00, 0x00, 0x00, 0x0e, 0xfe, 0x78, 0x00, 0x00, 
  0x00, 0x00, 0x00, 0x00, 0x00, 0xfa, 0x66, 0x00, 0x00, 0x00, 0x00, 0x00, 0x00, 0x00, 0xf8, 0x65, 
  0x00, 0x00, 0x00, 0x00, 0x00, 0x00, 0x00, 0xf6, 0x64, 0x00, 0x00, 0x00, 0x00, 0x00, 0x00, 0x00, 
  0xf4, 0x63, 0x00, 0x00, 0x00, 0x00, 0xff, 0xff, 0xff, 0xff, 0xff, 0xff, 0xff, 0x34, 0x00, 0x4b, 
  0x4b, 0x4b, 0x4b, 0x4b, 0xc0, 0xee, 0x13, 0x00, 0x00, 0x00, 0x00, 0x00, 0x2b, 0xfb, 0x6b, 0x00, 
  0x00, 0x00, 0x00, 0x00, 0x00, 0xbf, 0xd0, 0x03, 0x00, 0x00, 0x00, 0x00, 0x00, 0x58, 0xff, 0x3d, 
  0x00, 0x00, 0x00, 0x00, 0x00, 0x0c, 0xe4, 0xa3, 0x00, 0x00, 0x00, 0x00, 0x00, 0x00, 0x88, 0xf2, 
  0x19, 0x00, 0x00, 0x00, 0x00, 0x00, 0x27, 0xf9, 0x73, 0x00, 0x00, 0x00, 0x00, 0x00, 0x00, 0xb9, 
  0xd7, 0x05, 0x00, 0x00, 0x00, 0x00, 0x00, 0x51, 0xff, 0x44, 0x00, 0x00, 0x00, 0x00, 0x00, 0x07, 
  0xe0, 0xd3, 0x47, 0x47, 0x47, 0x47, 0x47, 0x1f, 0x19, 0xff, 0xff, 0xff, 0xff, 0xff, 0xff, 0xff, 
  0x6f, 0x05, 0x07, 0x07, 0x03, 0xab, 0xff, 0xff, 0x6b, 0xab, 0xc4, 0x37, 0x17, 0xab, 0xb3, 0x00, 
  0x00, 0xab, 0xb3, 0x00, 0x00, 0xab, 0xb3, 0x00, 0x00, 0xab, 0xb3, 0x00, 0x00, 0xab, 0xb3, 0x00, 
  0x00, 0xab, 0xb3, 0x00, 0x00, 0xab, 0xb3, 0x00, 0x00, 0xab, 0xb3, 0x00, 0x00, 0xab, 0xb3, 0x00, 
  0x00, 0xab, 0xb3, 0x00, 0x00, 0xab, 0xb3, 0x00, 0x00, 0xab, 0xb3, 0x00, 0x00, 0xab, 0xb6, 0x07, 
  0x03, 0xab, 0xff, 0xff, 0x6b, 0x22, 0x33, 0x33, 0x15, 0x0c, 0xf5, 0x49, 0x00, 0x00, 0x00, 0x00, 
  0x00, 0xa3, 0xa7, 0x00, 0x00, 0x00, 0x00, 0x00, 0x46, 0xf6, 0x0e, 0x00, 0x00, 0x00, 0x00, 0x03, 
  0xe5, 0x62, 0x00, 0x00, 0x00, 0x00, 0x00, 0x8b, 0xc0, 0x00, 0x00, 0x00, 0x00, 0x00, 0x2d, 0xfe, 
  0x1f, 0x00, 0x00, 0x00, 0x00, 0x00, 0xd0, 0x7b, 0x00, 0x00, 0x00, 0x00, 0x00, 0x72, 0xd8, 0x00, 
  0x00, 0x00, 0x00, 0x00, 0x18, 0xfc, 0x36, 0x00, 0x00, 0x00, 0x00, 0x00, 0xb7, 0x93, 0x00, 0x00, 
  0x00, 0x00, 0x00, 0x5a, 0xec, 0x05, 0x00, 0x00, 0x00, 0x00, 0x0a, 0xf2, 0x4e, 0x00, 0x00, 0x00, 
  0x00, 0x00, 0x9e, 0xac, 0x06, 0x07, 0x07, 0x02, 0xd3, 0xff, 0xff, 0x43, 0x2e, 0x4a, 0xff, 0x43, 
  0x00, 0x17, 0xff, 0x43, 0x00, 0x17, 0xff, 0x43, 0x00, 0x17, 0xff, 0x43, 0x00, 0x17, 0xff, 0x43, 
  0x00, 0x17, 0xff, 0x43, 0x00, 0x17, 0xff, 0x43, 0x00, 0x17, 0xff, 0x43, 0x00, 0x17, 0xff, 0x43, 
  0x00, 0x17, 0xff, 0x43, 0x00, 0x17, 0xff, 0x43, 0x00, 0x17, 0xff, 0x43, 0x00, 0x17, 0xff, 0x43, 
  0x06, 0x1f, 0xff, 0x43, 0xd3, 0xff, 0xff, 0x43, 0x2b, 0x33, 0x33, 0x0d, 0x00, 0x00, 0x00, 0x64, 
  0x32, 0x00, 0x00, 0x00, 0x00, 0x17, 0xfb, 0xad, 0x00, 0x00, 0x00, 0x00, 0x75, 0xea, 0xfa, 0x16, 
  0x00, 0x00, 0x00, 0xd7, 0x77, 0xdf, 0x72, 0x00, 0x00, 0x3a, 0xfc, 0x19, 0x7f, 0xd5, 0x00, 0x00, 
  0x9c, 0xb6, 0x00, 0x20, 0xfe, 0x37, 0x0b, 0xf3, 0x57, 0x00, 0x00, 0xbc, 0x9a, 0x06, 0x07, 0x07, 
  0x07, 0x07, 0x07, 0x07, 0x02, 0xc7, 0xff, 0xff, 0xff, 0xff, 0xff, 0xff, 0x5f, 0x28, 0x33, 0x33, 
  0x33, 0x33, 0x33, 0x33, 0x13, 0x4b, 0xf9, 0x53, 0x00, 0x00, 0x51, 0xe6, 0x17, 0x00, 0x39, 0xbf, 
  0xf1, 0xe4, 0x9a, 0x14, 0x00, 0x2a, 0xf6, 0xa6, 0x45, 0x6c, 0xf1, 0xb5, 0x00, 0x71, 0xcc, 0x03, 
  0x00, 0x00, 0x79, 0xff, 0x12, 0x00, 0x00, 0x00, 0x00, 0x00, 0x51, 0xff, 0x1f, 0x00, 0x5a, 0xba, 
  0xde, 0xef, 0xf4, 0xff, 0x1f, 0x69, 0xf9, 0x76, 0x34, 0x21, 0x65, 0xff, 0x1f, 0xbe, 0xb8, 0x00, 
  0x00, 0x00, 0x5a, 0xff, 0x1f, 0x8d, 0xf3, 0x56, 0x30, 0x65, 0xe8, 0xff, 0x28, 0x09, 0x97, 0xe8, 
  0xf7, 0xbe, 0x6b, 0xff, 0x53, 0x9f, 0xcf, 0x00, 0x00, 0x00, 0x00, 0x00, 0x00, 0x9f, 0xcf, 0x00, 
  0x00, 0x00, 0x00, 0x00, 0x00, 0x9f, 0xcf, 0x00, 0x00, 0x00, 0x00, 0x00, 0x00, 0x9f, 0xd0, 0x7e, 
  0xe7, 0xf1, 0xad, 0x18, 0x00, 0x9f, 0xfe, 0xc3, 0x57, 0x6d, 0xf0, 0xc8, 0x01, 0x9f, 0xe7, 0x09, 
  0x00, 0x00, 0x58, 0xff, 0x3b, 0x9f, 0xcf, 0x00, 0x00, 0x00, 0x08, 0xfc, 0x72, 0x9f, 0xcf, 0x00, 
  0x00, 0x00, 0x00, 0xef, 0x83, 0x9f, 0xcf, 0x00, 0x00, 0x00, 0x04, 0xfa, 0x72, 0x9f, 0xe0, 0x02, 
  0x00, 0x00, 0x43, 0xff, 0x3b, 0x9f, 0xff, 0xa3, 0x2e, 0x42, 0xdd, 0xc6, 0x00, 0x9f, 0xc2, 0x8f, 
  0xea, 0xf5, 0xb1, 0x14, 0x00, 0x00, 0x27, 0xb4, 0xf3, 0xe6, 0xa1, 0x19, 0x00, 0x12, 0xea, 0xc9, 
  0x4e, 0x59, 0xd8, 0xd1, 0x06, 0x85, 0xf0, 0x0e, 0x00, 0x00, 0x29, 0xff, 0x4e, 0xc2, 0xab, 0x00, 
  0x00, 0x00, 0x00, 0x27, 0x0f, 0xdc, 0x96, 0x00, 0x00, 0x00, 0x00, 0x00, 0x00, 0xc2, 0xaa, 0x00, 
  0x00, 0x00, 0x00, 0x00, 0x00, 0x87, 0xef, 0x0d, 0x00, 0x00, 0x1a, 0xe3, 0x49, 0x12, 0xe7, 0xc4, 
  0x48, 0x52, 0xce, 0xd0, 0x09, 0x00, 0x1c, 0xb5, 0xf4, 0xe7, 0x9b, 0x15, 0x00, 0x00, 0x00, 0x00, 
  0x00, 0x00, 0x37, 0xff, 0x37, 0x00, 0x00, 0x00, 0x00, 0x00, 0x37, 0xff, 0x37, 0x00, 0x00, 0x00, 
  0x00, 0x00, 0x37, 0xff, 0x37, 0x00, 0x42, 0xd1, 0xf9, 0xd1, 0x6e, 0xff, 0x37, 0x20, 0xf7, 0xc9, 
  0x55, 0x6a, 0xee, 0xff, 0x37, 0x94, 0xed, 0x0d, 0x00, 0x00, 0x52, 0xff, 0x37, 0xc9, 0xa2, 0x00, 
  0x00, 0x00, 0x37, 0xff, 0x37, 0xe2, 0x8c, 0x00, 0x00, 0x00, 0x37, 0xff, 0x37, 0xc9, 0xa1, 0x00, 
  0x00, 0x00, 0x37, 0xff, 0x37, 0x92, 0xec, 0x0c, 0x00, 0x00, 0x54, 0xff, 0x37, 0x1f, 0xf6, 0xc7, 
  0x5c, 0x69, 0xec, 0xff, 0x37, 0x00, 0x42, 0xd3, 0xf9, 0xd3, 0x64, 0xff, 0x37, 0x00, 0x1e, 0xa9, 
  0xf3, 0xee, 0x9d, 0x10, 0x00, 0x14, 0xe2, 0xd1, 0x54, 0x65, 0xea, 0xb6, 0x00, 0x8b, 0xf0, 0x16, 
  0x00, 0x00, 0x49, 0xff, 0x31, 0xd6, 0xaf, 0x0f, 0x0f, 0x0f, 0x12, 0xf9, 0x68, 0xed, 0xff, 0xff, 
  0xff, 0xff, 0xff, 0xff, 0x86, 0xde, 0xb1, 0x3f, 0x3f, 0x3f, 0x3f, 0x3f, 0x22, 0x98, 0xe2, 0x0d, 
  0x00, 0x00, 0x00, 0x18, 0x00, 0x15, 0xea, 0xd0, 0x59, 0x41, 0x87, 0xf9, 0x2d, 0x00, 0x26, 0xb0, 
  0xf1, 0xf4, 0xc2, 0x43, 0x00, 0x00, 0x00, 0x00, 0x00, 0x00, 0x03, 0x03, 0x00, 0x00, 0x00, 0x00, 
  0x34, 0xc7, 0xf9, 0xfb, 0xaa, 0x00, 0x00, 0x13, 0xea, 0xc7, 0x50, 0x48, 0x4f, 0x00, 0x00, 0x58, 
  0xff, 0x22, 0x00, 0x00, 0x00, 0x00, 0x00, 0x79, 0xfa, 0x00, 0x00, 0x00, 0x00, 0xcf, 0xff, 0xff, 
  0xff, 0xff, 0xff, 0xff, 0x3b, 0x23, 0x2b, 0x92, 0xf9, 0x2b, 0x2b, 0x2b, 0x0a, 0x00, 0x00, 0x7b, 
  0xf7, 0x00, 0x00, 0x00, 0x00, 0x00, 0x00, 0x7b, 0xf7, 0x00, 0x00, 0x00, 0x00, 0x00, 0x00, 0x7b, 
  0xf7, 0x00, 0x00, 0x00, 0x00, 0x00, 0x00, 0x7b, 0xf7, 0x00, 0x00, 0x00, 0x00, 0x00, 0x00, 0x7b, 
  0xf7, 0x00, 0x00, 0x00, 0x00, 0x00, 0x00, 0x7b, 0xf7, 0x00, 0x00, 0x00, 0x00, 0x00, 0x00, 0x7b, 
  0xf7, 0x00, 0x00, 0x00, 0x00, 0x00, 0x44, 0xd2, 0xf8, 0xd3, 0x71, 0xff, 0x3b, 0x22, 0xf8, 0xab, 
  0x2d, 0x44, 0xd7, 0xff, 0x3b, 0x95, 0xe6, 0x04, 0x00, 0x00, 0x43, 0xff, 0x3b, 0xc9, 0xa2, 0x00, 
  0x00, 0x00, 0x37, 0xff, 0x3b, 0xe2, 0x90, 0x00, 0x00, 0x00, 0x37, 0xff, 0x3b, 0xc9, 0xa7, 0x00, 
  0x00, 0x00, 0x37, 0xff, 0x3b, 0x93, 0xef, 0x0d, 0x00, 0x00, 0x52, 0xff, 0x3b, 0x21, 0xf7, 0xc7, 
  0x5c, 0x6c, 0xeb, 0xff, 0x3b, 0x00, 0x44, 0xd3, 0xf8, 0xd0, 0x7f, 0xff, 0x38, 0x00, 0x10, 0x00, 
  0x00, 0x00, 0x69, 0xfe, 0x17, 0x3d, 0xea, 0x70, 0x42, 0x6f, 0xee, 0x99, 0x00, 0x00, 0x5e, 0xcd, 
  0xf8, 0xdd, 0x85, 0x08, 0x00, 0xa3, 0xcf, 0x00, 0x00, 0x00, 0x00, 0x00, 0x00, 0xa3, 0xcf, 0x00, 
  0x00, 0x00, 0x00, 0x00, 0x00, 0xa3, 0xcf, 0x00, 0x00, 0x00, 0x00, 0x00, 0x00, 0xa3, 0xcf, 0x4a, 
  0xd3, 0xf5, 0xc8, 0x33, 0x00, 0xa3, 0xef, 0xc5, 0x5b, 0x5c, 0xda, 0xe1, 0x08, 0xa3, 0xe4, 0x09, 
  0x00, 0x00, 0x44, 0xff, 0x37, 0xa3, 0xcf, 0x00, 0x00, 0x00, 0x1b, 0xff, 0x54, 0xa3, 0xcf, 0x00, 
  0x00, 0x00, 0x17, 0xff, 0x57, 0xa3, 0xcf, 0x00, 0x00, 0x00, 0x17, 0xff, 0x57, 0xa3, 0xcf, 0x00, 
  0x00, 0x00, 0x17, 0xff, 0x57, 0xa3, 0xcf, 0x00, 0x00, 0x00, 0x17, 0xff, 0x57, 0xa3, 0xcf, 0x00, 
  0x00, 0x00, 0x17, 0xff, 0x57, 0x00, 0x00, 0x00, 0x8f, 0xd8, 0x00, 0x00, 0x00, 0x00, 0x00, 0x00, 
  0x5b, 0x90, 0x00, 0x00, 0x00, 0x00, 0x00, 0x00, 0x00, 0x00, 0x00, 0x00, 0x00, 0x67, 0xff, 0xff, 
  0xff, 0xe7, 0x00, 0x00, 0x00, 0x22, 0x53, 0x53, 0xaf, 0xe7, 0x00, 0x00, 0x00, 0x00, 0x00, 0x00, 
  0x87, 0xe7, 0x00, 0x00, 0x00, 0x00, 0x00, 0x00, 0x87, 0xe7, 0x00, 0x00, 0x00, 0x00, 0x00, 0x00, 
  0x87, 0xe7, 0x00, 0x00, 0x00, 0x00, 0x00, 0x00, 0x87, 0xe7, 0x00, 0x00, 0x00, 0x00, 0x00, 0x00, 
  0x87, 0xe7, 0x00, 0x00, 0x00, 0x20, 0x4f, 0x4f, 0xad, 0xef, 0x4f, 0x4f, 0x35, 0x67, 0xff, 0xff, 
  0xff, 0xff, 0xff, 0xff, 0xab, 0x00, 0x00, 0x00, 0x01, 0xdc, 0x81, 0x00, 0x00, 0x00, 0x00, 0x95, 
  0x51, 0x00, 0x00, 0x00, 0x00, 0x00, 0x00, 0x00, 0xa7, 0xff, 0xff, 0xff, 0x9b, 0x00, 0x37, 0x53, 
  0x53, 0xe5, 0x9b, 0x00, 0x00, 0x00, 0x00, 0xd7, 0x9b, 0x00, 0x00, 0x00, 0x00, 0xd7, 0x9b, 0x00, 
  0x00, 0x00, 0x00, 0xd7, 0x9b, 0x00, 0x00, 0x00, 0x00, 0xd7, 0x9b, 0x00, 0x00, 0x00, 0x00, 0xd7, 
  0x9b, 0x00, 0x00, 0x00, 0x00, 0xd7, 0x9b, 0x00, 0x00, 0x00, 0x00, 0xdb, 0x98, 0x00, 0x00, 0x00, 
  0x0b, 0xf8, 0x77, 0x17, 0x49, 0x51, 0xb7, 0xf8, 0x25, 0x48, 0xfb, 0xf6, 0xc9, 0x44, 0x00, 0x9f, 
  0xd3, 0x00, 0x00, 0x00, 0x00, 0x00, 0x00, 0x9f, 0xd3, 0x00, 0x00, 0x00, 0x00, 0x00, 0x00, 0x9f, 
  0xd3, 0x00, 0x00, 0x00, 0x00, 0x00, 0x00, 0x9f, 0xd3, 0x00, 0x00, 0x13, 0xd6, 0xcd, 0x0d, 0x9f, 
  0xd3, 0x00, 0x0c, 0xca, 0xdb, 0x16, 0x00, 0x9f, 0xd3, 0x07, 0xbd, 0xe6, 0x21, 0x00, 0x00, 0x9f, 
  0xd6, 0xac, 0xfc, 0x2f, 0x00, 0x00, 0x00, 0x9f, 0xff, 0xf8, 0xff, 0x72, 0x00, 0x00, 0x00, 0x9f, 
  0xf7, 0x40, 0x99, 0xfa, 0x38, 0x00, 0x00, 0x9f, 0xd3, 0x00, 0x09, 0xd2, 0xe1, 0x11, 0x00, 0x9f, 
  0xd3, 0x00, 0x00, 0x29, 0xf4, 0xb2, 0x00, 0x9f, 0xd3, 0x00, 0x00, 0x00, 0x5f, 0xff, 0x73, 0x67, 
  0xff, 0xff, 0xff, 0xe7, 0x00, 0x00, 0x00, 0x20, 0x4f, 0x4f, 0xad, 0xe7, 0x00, 0x00, 0x00, 0x00, 
  0x00, 0x00, 0x87, 0xe7, 0x00, 0x00, 0x00, 0x00, 0x00, 0x00, 0x87, 0xe7, 0x00, 0x00, 0x00, 0x00, 
  0x00, 0x00, 0x87, 0xe7, 0x00, 0x00, 0x00, 0x00, 0x00, 0x00, 0x87, 0xe7, 0x00, 0x00, 0x00, 0x00, 
  0x00, 0x00, 0x87, 0xe7, 0x00, 0x00, 0x00, 0x00, 0x00, 0x00, 0x87, 0xe7, 0x00, 0x00, 0x00, 0x00, 
  0x00, 0x00, 0x87, 0xe7, 0x00, 0x00, 0x00, 0x00, 0x00, 0x00, 0x87, 0xe7, 0x00, 0x00, 0x00, 0x20, 
  0x4f, 0x4f, 0xad, 0xef, 0x4f, 0x4f, 0x35, 0x67, 0xff, 0xff, 0xff, 0xff, 0xff, 0xff, 0xab, 0x43, 
  0xff, 0x93, 0xef, 0xda, 0x82, 0xee, 0xe3, 0x41, 0x43, 0xff, 0x68, 0x3b, 0xfa, 0xc0, 0x2b, 0xba, 
  0xc1, 0x43, 0xff, 0x1b, 0x00, 0xe0, 0x80, 0x00, 0x7d, 0xe1, 0x43, 0xff, 0x1b, 0x00, 0xdf, 0x7f, 
  0x00, 0x7b, 0xe3, 0x43, 0xff, 0x1b, 0x00, 0xdf, 0x7f, 0x00, 0x7b, 0xe3, 0x43, 0xff, 0x1b, 0x00, 
  0xdf, 0x7f, 0x00, 0x7b, 0xe3, 0x43, 0xff, 0x1b, 0x00, 0xdf, 0x7f, 0x00, 0x7b, 0xe3, 0x43, 0xff, 
  0x1b, 0x00, 0xdf, 0x7f, 0x00, 0x7b, 0xe3, 0x43, 0xff, 0x1b, 0x00, 0xdf, 0x7f, 0x00, 0x7b, 0xe3, 
  0xa3, 0xb0, 0x50, 0xd4, 0xf4, 0xc5, 0x33, 0x00, 0xa3, 0xeb, 0xc8, 0x5a, 0x5b, 0xd7, 0xe0, 0x07, 
  0xa3, 0xe8, 0x0c, 0x00, 0x00, 0x46, 0xff, 0x32, 0xa3, 0xcf, 0x00, 0x00, 0x00, 0x22, 0xff, 0x51, 
  0xa3, 0xcf, 0x00, 0x00, 0x00, 0x1f, 0xff, 0x53, 0xa3, 0xcf, 0x00, 0x00, 0x00, 0x1f, 0xff, 0x53, 
  0xa3, 0xcf, 0x00, 0x00, 0x00, 0x1f, 0xff, 0x53, 0xa3, 0xcf, 0x00, 0x00, 0x00, 0x1f, 0xff, 0x53, 
  0xa3, 0xcf, 0x00, 0x00, 0x00, 0x1f, 0xff, 0x53, 0x00, 0x00, 0x38, 0xc1, 0xf7, 0xe9, 0x93, 0x0d, 
  0x00, 0x00, 0x27, 0xf6, 0xb8, 0x48, 0x62, 0xef, 0xb8, 0x00, 0x00, 0xaa, 0xdb, 0x05, 0x00, 0x00, 
  0x49, 0xff, 0x42, 0x00, 0xf4, 0x85, 0x00, 0x00, 0x00, 0x00, 0xec, 0x8c, 0x09, 0xff, 0x6c, 0x00, 
  0x00, 0x00, 0x00, 0xd2, 0xa0, 0x00, 0xf5, 0x83, 0x00, 0x00, 0x00, 0x00, 0xeb, 0x8d, 0x00, 0xad, 
  0xd8, 0x03, 0x00, 0x00, 0x42, 0xff, 0x45, 0x00, 0x29, 0xf7, 0xb5, 0x4c, 0x64, 0xea, 0xbc, 0x00, 
  0x00, 0x00, 0x3b, 0xc4, 0xf7, 0xeb, 0x98, 0x0f, 0x00, 0xa3, 0xb6, 0x84, 0xe7, 0xf5, 0xad, 0x17, 
  0x00, 0xa3, 0xfd, 0xb4, 0x53, 0x76, 0xf8, 0xbd, 0x00, 0xa3, 0xdc, 0x03, 0x00, 0x00, 0x69, 0xff, 
  0x31, 0xa3, 0xcb, 0x00, 0x00, 0x00, 0x12, 0xff, 0x62, 0xa3, 0xcb, 0x00, 0x00, 0x00, 0x00, 0xf9, 
  0x7a, 0xa3, 0xcb, 0x00, 0x00, 0x00, 0x10, 0xff, 0x61, 0xa3, 0xd7, 0x00, 0x00, 0x00, 0x62, 0xff, 
  0x30, 0xa3, 0xff, 0xa0, 0x43, 0x6b, 0xf3, 0xbb, 0x00, 0xa3, 0xd1, 0x8c, 0xeb, 0xf5, 0xae, 0x16, 
  0x00, 0xa3, 0xcb, 0x00, 0x00, 0x00, 0x00, 0x00, 0x00, 0xa3, 0xcb, 0x00, 0x00, 0x00, 0x00, 0x00, 
  0x00, 0xa3, 0xcb, 0x00, 0x00, 0x00, 0x00, 0x00, 0x00, 0x00, 0x46, 0xd1, 0xf8, 0xd8, 0x84, 0xff, 
  0x37, 0x25, 0xf9, 0xad, 0x24, 0x36, 0xcd, 0xff, 0x37, 0x98, 0xe8, 0x06, 0x00, 0x00, 0x3d, 0xff, 
  0x37, 0xcb, 0xa2, 0x00, 0x00, 0x00, 0x37, 0xff, 0x37, 0xe2, 0x90, 0x00, 0x00, 0x00, 0x37, 0xff, 
  0x37, 0xc9, 0xa7, 0x00, 0x00, 0x00, 0x37, 0xff, 0x37, 0x93, 0xee, 0x0c, 0x00, 0x00, 0x46, 0xff, 
  0x37, 0x21, 0xf7, 0xc2, 0x46, 0x58, 0xe0, 0xff, 0x37, 0x00, 0x44, 0xd2, 0xf9, 0xd4, 0x83, 0xff, 
  0x37, 0x00, 0x00, 0x00, 0x00, 0x00, 0x37, 0xff, 0x37, 0x00, 0x00, 0x00, 0x00, 0x00, 0x37, 0xff, 
  0x37, 0x00, 0x00, 0x00, 0x00, 0x00, 0x37, 0xff, 0x37, 0x6b, 0xf9, 0x1a, 0xaa, 0xf3, 0xf2, 0x47, 
  0x6b, 0xff, 0xdb, 0xbc, 0x88, 0x93, 0x28, 0x6b, 0xff, 0x7f, 0x00, 0x00, 0x00, 0x00, 0x6b, 0xff, 
  0x0e, 0x00, 0x00, 0x00, 0x00, 0x6b, 0xff, 0x07, 0x00, 0x00, 0x00, 0x00, 0x6b, 0xff, 0x07, 0x00, 
  0x00, 0x00, 0x00, 0x6b, 0xff, 0x07, 0x00, 0x00, 0x00, 0x00, 0x6b, 0xff, 0x07, 0x00, 0x00, 0x00, 
  0x00, 0x6b, 0xff, 0x07, 0x00, 0x00, 0x00, 0x00, 0x00, 0x2d, 0xb4, 0xed, 0xe9, 0xae, 0x28, 0x00, 
  0x14, 0xec, 0xbc, 0x4c, 0x57, 0xd2, 0xe3, 0x0d, 0x48, 0xff, 0x2a, 0x00, 0x00, 0x28, 0xbb, 0x30, 
  0x16, 0xec, 0xbe, 0x49, 0x0b, 0x00, 0x00, 0x00, 0x00, 0x25, 0xa4, 0xf0, 0xf9, 0xb7, 0x3a, 0x00, 
  0x00, 0x00, 0x00, 0x03, 0x3b, 0xb4, 0xf7, 0x27, 0x73, 0xc8, 0x02, 0x00, 0x00, 0x12, 0xff, 0x5c, 
  0x31, 0xf8, 0xaf, 0x47, 0x49, 0xab, 0xf5, 0x21, 0x00, 0x3a, 0xba, 0xec, 0xee, 0xbb, 0x3a, 0x00, 
  0x00, 0x00, 0xab, 0xc7, 0x00, 0x00, 0x00, 0x00, 0x00, 0x00, 0xab, 0xc7, 0x00, 0x00, 0x00, 0x00, 
  0xe3, 0xff, 0xff, 0xff, 0xff, 0xff, 0xff, 0x00, 0x27, 0x2b, 0xba, 0xd1, 0x2b, 0x2b, 0x2b, 0x00, 
  0x00, 0x00, 0xab, 0xc7, 0x00, 0x00, 0x00, 0x00, 0x00, 0x00, 0xab, 0xc7, 0x00, 0x00, 0x00, 0x00, 
  0x00, 0x00, 0xab, 0xc7, 0x00, 0x00, 0x00, 0x00, 0x00, 0x00, 0xab, 0xc7, 0x00, 0x00, 0x00, 0x00, 
  0x00, 0x00, 0x99, 0xdd, 0x00, 0x00, 0x00, 0x00, 0x00, 0x00, 0x5c, 0xff, 0x8b, 0x4c, 0x69, 0x18, 
  0x00, 0x00, 0x01, 0x8d, 0xec, 0xf8, 0xd2, 0x2b, 0x97, 0xdb, 0x00, 0x00, 0x00, 0x33, 0xff, 0x3f, 
  0x97, 0xdb, 0x00, 0x00, 0x00, 0x33, 0xff, 0x3f, 0x97, 0xdb, 0x00, 0x00, 0x00, 0x33, 0xff, 0x3f, 
  0x97, 0xdb, 0x00, 0x00, 0x00, 0x33, 0xff, 0x3f, 0x97, 0xdb, 0x00, 0x00, 0x00, 0x33, 0xff, 0x3f, 
  0x94, 0xdf, 0x00, 0x00, 0x00, 0x33, 0xff, 0x3f, 0x7a, 0xf6, 0x05, 0x00, 0x00, 0x48, 0xff, 0x3f, 
  0x21, 0xfa, 0x88, 0x24, 0x4b, 0xd7, 0xff, 0x3f, 0x00, 0x54, 0xdb, 0xf7, 0xc5, 0x3f, 0xff, 0x3f, 
  0x12, 0xf8, 0x6c, 0x00, 0x00, 0x00, 0x00, 0xdc, 0x99, 0x00, 0xa7, 0xc8, 0x00, 0x00, 0x00, 0x36, 
  0xff, 0x37, 0x00, 0x44, 0xff, 0x24, 0x00, 0x00, 0x8f, 0xd6, 0x00, 0x00, 0x01, 0xdf, 0x7f, 0x00, 
  0x02, 0xe5, 0x73, 0x00, 0x00, 0x00, 0x7e, 0xda, 0x00, 0x41, 0xfa, 0x16, 0x00, 0x00, 0x00, 0x1d, 
  0xfd, 0x36, 0x9a, 0xae, 0x00, 0x00, 0x00, 0x00, 0x00, 0xb8, 0x96, 0xed, 0x4c, 0x00, 0x00, 0x00, 
  0x00, 0x00, 0x55, 0xf8, 0xe7, 0x04, 0x00, 0x00, 0x00, 0x00, 0x00, 0x06, 0xeb, 0x88, 0x00, 0x00, 
  0x00, 0x86, 0xbc, 0x00, 0x00, 0xbe, 0x6c, 0x00, 0x0d, 0xff, 0x35, 0x53, 0xe8, 0x00, 0x04, 0xf5, 
  0xa8, 0x00, 0x36, 0xfb, 0x07, 0x20, 0xff, 0x15, 0x35, 0xe0, 0xe5, 0x00, 0x60, 0xcf, 0x00, 0x00, 
  0xec, 0x40, 0x71, 0x9c, 0xf0, 0x20, 0x8a, 0x9c, 0x00, 0x00, 0xba, 0x6c, 0xad, 0x61, 0xb5, 0x5c, 
  0xb4, 0x69, 0x00, 0x00, 0x87, 0x98, 0xe8, 0x24, 0x77, 0x98, 0xde, 0x36, 0x00, 0x00, 0x54, 0xd5, 
  0xe7, 0x00, 0x3a, 0xcd, 0xf9, 0x08, 0x00, 0x00, 0x21, 0xff, 0xaa, 0x00, 0x06, 0xf5, 0xd0, 0x00, 
  0x00, 0x00, 0x00, 0xed, 0x6d, 0x00, 0x00, 0xbe, 0x9d, 0x00, 0x00, 0x00, 0xb1, 0xe5, 0x11, 0x00, 
  0x00, 0x3e, 0xfd, 0x74, 0x00, 0x15, 0xe8, 0xa4, 0x00, 0x0c, 0xde, 0xbe, 0x01, 0x00, 0x00, 0x49, 
  0xff, 0x53, 0x9b, 0xee, 0x1c, 0x00, 0x00, 0x00, 0x00, 0x94, 0xf2, 0xff, 0x54, 0x00, 0x00, 0x00, 
  0x00, 0x00, 0x19, 0xfc, 0xd5, 0x00, 0x00, 0x00, 0x00, 0x00, 0x00, 0xa6, 0xe6, 0xfa, 0x65, 0x00, 
  0x00, 0x00, 0x00, 0x5c, 0xfe, 0x43, 0x7b, 0xf5, 0x27, 0x00, 0x00, 0x21, 0xf1, 0x92, 0x00, 0x03, 
  0xc9, 0xcc, 0x05, 0x03, 0xc5, 0xd9, 0x0a, 0x00, 0x00, 0x28, 0xf7, 0x88, 0x3f, 0xff, 0x5c, 0x00, 
  0x00, 0x00, 0x00, 0xc6, 0xd3, 0x00, 0x00, 0xcc, 0xc8, 0x00, 0x00, 0x00, 0x2b, 0xff, 0x64, 0x00, 
  0x00, 0x59, 0xff, 0x34, 0x00, 0x00, 0x90, 0xec, 0x09, 0x00, 0x00, 0x04, 0xe1, 0x9f, 0x00, 0x07, 
  0xed, 0x85, 0x00, 0x00, 0x00, 0x00, 0x73, 0xf7, 0x14, 0x5a, 0xfb, 0x1b, 0x00, 0x00, 0x00, 0x00, 
  0x0e, 0xf1, 0x75, 0xbe, 0xa6, 0x00, 0x00, 0x00, 0x00, 0x00, 0x00, 0x8d, 0xe5, 0xfe, 0x37, 0x00, 
  0x00, 0x00, 0x00, 0x00, 0x00, 0x1e, 0xfb, 0xc8, 0x00, 0x00, 0x00, 0x00, 0x00, 0x00, 0x00, 0x13, 
  0xf4, 0x58, 0x00, 0x00, 0x00, 0x00, 0x00, 0x00, 0x00, 0x8d, 0xe4, 0x04, 0x00, 0x00, 0x00, 0x00, 
  0x00, 0x37, 0x7f, 0xfc, 0x63, 0x00, 0x00, 0x00, 0x00, 0x00, 0x00, 0xb9, 0xe8, 0x79, 0x00, 0x00, 
  0x00, 0x00, 0x00, 0x00, 0xab, 0xff, 0xff, 0xff, 0xff, 0xff, 0xff, 0x33, 0x2a, 0x3f, 0x3f, 0x3f, 
  0x4c, 0xf1, 0xd4, 0x0a, 0x00, 0x00, 0x00, 0x00, 0xa6, 0xf3, 0x28, 0x00, 0x00, 0x00, 0x00, 0x6a, 
  0xff, 0x58, 0x00, 0x00, 0x00, 0x00, 0x33, 0xf8, 0x94, 0x00, 0x00, 0x00, 0x00, 0x10, 0xde, 0xcb, 
  0x06, 0x00, 0x00, 0x00, 0x00, 0xb0, 0xee, 0x20, 0x00, 0x00, 0x00, 0x00, 0x72, 0xff, 0x87, 0x3b, 
  0x3b, 0x3b, 0x3b, 0x1d, 0xbf, 0xff, 0xff, 0xff, 0xff, 0xff, 0xff, 0x7b, 0x00, 0x00, 0x00, 0x14, 
  0xb5, 0xae, 0x00, 0x00, 0x00, 0xbf, 0xb0, 0x11, 0x00, 0x00, 0x24, 0xff, 0x42, 0x00, 0x00, 0x00, 
  0x46, 0xff, 0x2a, 0x00, 0x00, 0x00, 0x4c, 0xff, 0x27, 0x00, 0x00, 0x00, 0x63, 0xff, 0x14, 0x00, 
  0x03, 0x2d, 0xd4, 0xb2, 0x00, 0x00, 0x77, 0xff, 0xc4, 0x0c, 0x00, 0x00, 0x1a, 0x65, 0xef, 0x77, 
  0x00, 0x00, 0x00, 0x00, 0x7b, 0xf1, 0x05, 0x00, 0x00, 0x00, 0x50, 0xff, 0x22, 0x00, 0x00, 0x00, 
  0x4b, 0xff, 0x27, 0x00, 0x00, 0x00, 0x3b, 0xff, 0x30, 0x00, 0x00, 0x00, 0x13, 0xfa, 0x57, 0x00, 
  0x00, 0x00, 0x00, 0xa0, 0xca, 0x0d, 0x00, 0x00, 0x00, 0x09, 0xa7, 0xad, 0xc7, 0x63, 0xc7, 0x63, 
  0xc7, 0x63, 0xc7, 0x63, 0xc7, 0x63, 0xc7, 0x63, 0xc7, 0x63, 0xc7, 0x63, 0xc7, 0x63, 0xc7, 0x63, 
  0xc7, 0x63, 0xc7, 0x63, 0xc7, 0x63, 0xc7, 0x63, 0xc7, 0x63, 0x5f, 0xd5, 0x42, 0x00, 0x00, 0x00, 
  0x04, 0x67, 0xf9, 0x1c, 0x00, 0x00, 0x00, 0x00, 0xea, 0x78, 0x00, 0x00, 0x00, 0x00, 0xd2, 0x9d, 
  0x00, 0x00, 0x00, 0x00, 0xcf, 0xa4, 0x00, 0x00, 0x00, 0x00, 0xb9, 0xb6, 0x00, 0x00, 0x00, 0x00, 
  0x5b, 0xf9, 0x56, 0x0b, 0x00, 0x00, 0x00, 0x84, 0xff, 0xcf, 0x00, 0x00, 0x2b, 0xf5, 0x8e, 0x33, 
  0x00, 0x00, 0xa0, 0xd0, 0x00, 0x00, 0x00, 0x00, 0xc9, 0xa8, 0x00, 0x00, 0x00, 0x00, 0xcf, 0xa3, 
  0x00, 0x00, 0x00, 0x00, 0xd8, 0x92, 0x00, 0x00, 0x00, 0x08, 0xf7, 0x65, 0x00, 0x00, 0x01, 0x83, 
  0xea, 0x0d, 0x00, 0x00, 0x5f, 0xcf, 0x2e, 0x00, 0x00, 0x00, 0x00, 0x00, 0x05, 0x00, 0x00, 0x00, 
  0x00, 0x00, 0x00, 0x00, 0x02, 0x9c, 0xf9, 0xed, 0x72, 0x01, 0x00, 0x00, 0x94, 0x19, 0x5b, 0xe6, 
  0x54, 0x78, 0xf8, 0xae, 0x27, 0x62, 0xf3, 0x0b, 0x68, 0x63, 0x00, 0x00, 0x37, 0xdc, 0xff, 0xfd, 
  0x65, 0x00, 0x00, 0x00, 0x00, 0x00, 0x00, 0x03, 0x33, 0x1a, 0x00, 0x00
};
const uint8_t RobotoMonoBold16[] PROGMEM = {
  0x00, 0x00, 0x00, 0x61, 0x00, 0x00, 0x00, 0x0b, 0x00, 0x00, 0x00, 0x10, 0x00, 0x00, 0x00, 0x00,
  0x00, 0x00, 0x00, 0x0c, 0x00, 0x00, 0x00, 0x04, 0x00, 0x00, 0x00, 0x20, 0x00, 0x00, 0x00, 0x00,
  0x00, 0x00, 0x00, 0x00, 0x00, 0x00, 0x00, 0x0a, 0x00, 0x00, 0x00, 0x00, 0x00, 0x00, 0x00, 0x00,
  0x00, 0x00, 0x00, 0x00, 0x00, 0x00, 0x00, 0x21, 0x00, 0x00, 0x00, 0x0d, 0x00, 0x00, 0x00, 0x04,
  0x00, 0x00, 0x00, 0x0a, 0x00, 0x00, 0x00, 0x0c, 0x00, 0x00, 0x00, 0x03, 0x00, 0x00, 0x00, 0x00,
  0x00, 0x00, 0x00, 0x22, 0x00, 0x00, 0x00, 0x05, 0x00, 0x00, 0x00, 0x06, 0x00, 0x00, 0x00, 0x0a,
  0x00, 0x00, 0x00, 0x0c, 0x00, 0x00, 0x00, 0x02, 0x00, 0x00, 0x00, 0x00, 0x00, 0x00, 0x00, 0x23,
  0x00, 0x00, 0x00, 0x0c, 0x00, 0x00, 0x00, 0x0a, 0x00, 0x00, 0x00, 0x0a, 0x00, 0x00, 0x00, 0x0c,
  0x00, 0x00, 0x00, 0x00, 0x00, 0x00, 0x00, 0x00, 0x00, 0x00, 0x00, 0x24, 0x00, 0x00, 0x00, 0x10,
  0x00, 0x00, 0x00, 0x09, 0x00, 0x00, 0x00, 0x0a, 0x00, 0x00, 0x00, 0x0e, 0x00, 0x00, 0x00, 0x00,
  0x00, 0x00, 0x00, 0x00, 0x00, 0x00, 0x00, 0x25, 0x00, 0x00, 0x00, 0x0d, 0x00, 0x00, 0x00, 0x0a,
  0x00, 0x00, 0x00, 0x0a, 0x00, 0x00, 0x00, 0x0c, 0x00, 0x00, 0x00, 0x00, 0x00, 0x00, 0x00, 0x00,
  0x00, 0x00, 0x00, 0x26, 0x00, 0x00, 0x00, 0x0d, 0x00, 0x00, 0x00, 0x0a, 0x00, 0x00, 0x00, 0x0a,
  0x00, 0x00, 0x00, 0x0c, 0x00, 0x00, 0x00, 0x00, 0x00, 0x00, 0x00, 0x00, 0x00, 0x00, 0x00, 0x27,
  0x00, 0x00, 0x00, 0x05, 0x00, 0x00, 0x00, 0x03, 0x00, 0x00, 0x00, 0x0a, 0x00, 0x00, 0x00, 0x0c,
  0x00, 0x00, 0x00, 0x03, 0x00, 0x00, 0x00, 0x00, 0x00, 0x00, 0x00, 0x28, 0x00, 0x00, 0x00, 0x11,
  0x00, 0x00, 0x00, 0x06, 0x00, 0x00, 0x00, 0x0a, 0x00, 0x00, 0x00, 0x0d, 0x00, 0x00, 0x00, 0x02,
  0x00, 0x00, 0x00, 0x00, 0x00, 0x00, 0x00, 0x29, 0x00, 0x00, 0x00, 0x11, 0x00, 0x00, 0x00, 0x05,
  0x00, 0x00, 0x00, 0x0a, 0x00, 0x00, 0x00, 0x0d, 0x00, 0x00, 0x00, 0x02, 0x00, 0x00, 0x00, 0x00,
  0x00, 0x00, 0x00, 0x2a, 0x00, 0x00, 0x00, 0x09, 0x00, 0x00, 0x00, 0x09, 0x00, 0x00, 0x00, 0x0a,
  0x00, 0x00, 0x00, 0x0c, 0x00, 0x00, 0x00, 0x01, 0x00, 0x00, 0x00, 0x00, 0x00, 0x00, 0x00, 0x2b,
  0x00, 0x00, 0x00, 0x09, 0x00, 0x00, 0x00, 0x09, 0x00, 0x00, 0x00, 0x0a, 0x00, 0x00, 0x00, 0x0a,
  0x00, 0x00, 0x00, 0x00, 0x00, 0x00, 0x00, 0x00, 0x00, 0x00, 0x00, 0x2c, 0x00, 0x00, 0x00, 0x06,
  0x00, 0x00, 0x00, 0x04, 0x00, 0x00, 0x00, 0x0a, 0x00, 0x00, 0x00, 0x02, 0x00, 0x00, 0x00, 0x02,
  0x00, 0x00, 0x00, 0x00, 0x00, 0x00, 0x00, 0x2d, 0x00, 0x00, 0x00, 0x02, 0x00, 0x00, 0x00, 0x07,
  0x00, 0x00, 0x00, 0x0a, 0x00, 0x00, 0x00, 0x06, 0x00, 0x00, 0x00, 0x02, 0x00, 0x00, 0x00, 0x00,
  0x00, 0x00, 0x00, 0x2e, 0x00, 0x00, 0x00, 0x04, 0x00, 0x00, 0x00, 0x04, 0x00, 0x00, 0x00, 0x0a,
  0x00, 0x00, 0x00, 0x03, 0x00, 0x00, 0x00, 0x03, 0x00, 0x00, 0x00, 0x00, 0x00, 0x00, 0x00, 0x2f,
  0x00, 0x00, 0x00, 0x0d, 0x00, 0x00, 0x00, 0x07, 0x00, 0x00, 0x00, 0x0a, 0x00, 0x00, 0x00, 0x0c,
  0x00, 0x00, 0x00, 0x01, 0x00, 0x00, 0x00, 0x00, 0x00, 0x00, 0x00, 0x30, 0x00, 0x00, 0x00, 0x0d,
  0x00, 0x00, 0x00, 0x08, 0x00, 0x00, 0x00, 0x0a, 0x00, 0x00, 0x00, 0x0c, 0x00, 0x00, 0x00, 0x01,
  0x00, 0x00, 0x00, 0x00, 0x00, 0x00, 0x00, 0x31, 0x00, 0x00, 0x00, 0x0c, 0x00, 0x00, 0x00, 0x06,
  0x00, 0x00, 0x00, 0x0a, 0x00, 0x00, 0x00, 0x0c, 0x00, 0x00, 0x00, 0x01, 0x00, 0x00, 0x00, 0x00,
  0x00, 0x00, 0x00, 0x32, 0x00, 0x00, 0x00, 0x0c, 0x00, 0x00, 0x00, 0x09, 0x00, 0x00, 0x00, 0x0a,
  0x00, 0x00, 0x00, 0x0c, 0x00, 0x00, 0x00, 0x00, 0x00, 0x00, 0x00, 0x00, 0x00, 0x00, 0x00, 0x33,
  0x00, 0x00, 0x00, 0x0d, 0x00, 0x00, 0x00, 0x09, 0x00, 0x00, 0x00, 0x0a, 0x00, 0x00, 0x00, 0x0c,
  0x00, 0x00, 0x00, 0x00, 0x00, 0x00, 0x00, 0x00, 0x00, 0x00, 0x00, 0x34, 0x00, 0x00, 0x00, 0x0c,
  0x00, 0x00, 0x00, 0x09, 0x00, 0x00, 0x00, 0x0a, 0x00, 0x00, 0x00, 0x0c, 0x00, 0x00, 0x00, 0x00,
  0x00, 0x00, 0x00, 0x00, 0x00, 0x00, 0x00, 0x35, 0x00, 0x00, 0x00, 0x0d, 0x00, 0x00, 0x00, 0x09,
  0x00, 0x00, 0x00, 0x0a, 0x00, 0x00, 0x00, 0x0c, 0x00, 0x00, 0x00, 0x00, 0x00, 0x00, 0x00, 0x00,
  0x00, 0x00, 0x00, 0x36, 0x00, 0x00, 0x00, 0x0d, 0x00, 0x00, 0x00, 0x09, 0x00, 0x00, 0x00, 0x0a,
  0x00, 0x00, 0x00, 0x0c, 0x00, 0x00, 0x00, 0x00, 0x00, 0x00, 0x00, 0x00, 0x00, 0x00, 0x00, 0x37,
  0x00, 0x00, 0x00, 0x0c, 0x00, 0x00, 0x00, 0x09, 0x00, 0x00, 0x00, 0x0a, 0x00, 0x00, 0x00, 0x0c,
  0x00, 0x00, 0x00, 0x00, 0x00, 0x00, 0x00, 0x00, 0x00, 0x00, 0x00, 0x38, 0x00, 0x00, 0x00, 0x0d,
  0x00, 0x00, 0x00, 0x09, 0x00, 0x00, 0x00, 0x0a, 0x00, 0x00, 0x00, 0x0c, 0x00, 0x00, 0x00, 0x00,
  0x00, 0x00, 0x00, 0x00, 0x00, 0x00, 0x00, 0x39, 0x00, 0x00, 0x00, 0x0d, 0x00, 0x00, 0x00, 0x09,
  0x00, 0x00, 0x00, 0x0a, 0x00, 0x00, 0x00, 0x0c, 0x00, 0x00, 0x00, 0x00, 0x00, 0x00, 0x00, 0x00,
  0x00, 0x00, 0x00, 0x3a, 0x00, 0x00, 0x00, 0x0b, 0x00, 0x00, 0x00, 0x04, 0x00, 0x00, 0x00, 0x0a,
  0x00, 0x00, 0x00, 0x0a, 0x00, 0x00, 0x00, 0x03, 0x00, 0x00, 0x00, 0x00, 0x00, 0x00, 0x00, 0x3b,
  0x00, 0x00, 0x00, 0x0e, 0x00, 0x00, 0x00, 0x04, 0x00, 0x00, 0x00, 0x0a, 0x00, 0x00, 0x00, 0x0a,
  0x00, 0x00, 0x00, 0x03, 0x00, 0x00, 0x00, 0x00, 0x00, 0x00, 0x00, 0x3c, 0x00, 0x00, 0x00, 0x08,
  0x00, 0x00, 0x00, 0x08, 0x00, 0x00, 0x00, 0x0a, 0x00, 0x00, 0x00, 0x09, 0x00, 0x00, 0x00, 0x01,
  0x00, 0x00, 0x00, 0x00, 0x00, 0x00, 0x00, 0x3d, 0x00, 0x00, 0x00, 0x06, 0x00, 0x00, 0x00, 0x08,
  0x00, 0x00, 0x00, 0x0a, 0x00, 0x00, 0x00, 0x08, 0x00, 0x00, 0x00, 0x01, 0x00, 0x00, 0x00, 0x00,
  0x00, 0x00, 0x00, 0x3e, 0x00, 0x00, 0x00, 0x08, 0x00, 0x00, 0x00, 0x08, 0x00, 0x00, 0x00, 0x0a,
  0x00, 0x00, 0x00, 0x09, 0x00, 0x00, 0x00, 0x01, 0x00, 0x00, 0x00, 0x00, 0x00, 0x00, 0x00, 0x3f,
  0x00, 0x00, 0x00, 0x0d, 0x00, 0x00, 0x00, 0x08, 0x00, 0x00, 0x00, 0x0a, 0x00, 0x00, 0x00, 0x0c,
  0x00, 0x00, 0x00, 0x01, 0x00, 0x00, 0x00, 0x00, 0x00, 0x00, 0x00, 0x40, 0x00, 0x00, 0x00, 0x0d,
  0x00, 0x00, 0x00, 0x0a, 0x00, 0x00, 0x00, 0x0a, 0x00, 0x00, 0x00, 0x0c, 0x00, 0x00, 0x00, 0x00,
  0x00, 0x00, 0x00, 0x00, 0x00, 0x00, 0x00, 0x41, 0x00, 0x00, 0x00, 0x0c, 0x00, 0x00, 0x00, 0x0a,
  0x00, 0x00, 0x00, 0x0a, 0x00, 0x00, 0x00, 0x0c, 0x00, 0x00, 0x00, 0x00, 0x00, 0x00, 0x00, 0x00,
  0x00, 0x00, 0x00, 0x42, 0x00, 0x00, 0x00, 0x0c, 0x00, 0x00, 0x00, 0x09, 0x00, 0x00, 0x00, 0x0a,
  0x00, 0x00, 0x00, 0x0c, 0x00, 0x00, 0x00, 0x01, 0x00, 0x00, 0x00, 0x00, 0x00, 0x00, 0x00, 0x43,
  0x00, 0x00, 0x00, 0x0d, 0x00, 0x00, 0x00, 0x09, 0x00, 0x00, 0x00, 0x0a, 0x00, 0x00, 0x00, 0x0c,
  0x00, 0x00, 0x00, 0x00, 0x00, 0x00, 0x00, 0x00, 0x00, 0x00, 0x00, 0x44, 0x00, 0x00, 0x00, 0x0c,
  0x00, 0x00, 0x00, 0x09, 0x00, 0x00, 0x00, 0x0a, 0x00, 0x00, 0x00, 0x0c, 0x00, 0x00, 0x00, 0x00,
  0x00, 0x00, 0x00, 0x00, 0x00, 0x00, 0x00, 0x45, 0x00, 0x00, 0x00, 0x0c, 0x00, 0x00, 0x00, 0x08,
  0x00, 0x00, 0x00, 0x0a, 0x00, 0x00, 0x00, 0x0c, 0x00, 0x00, 0x00, 0x01, 0x00, 0x00, 0x00, 0x00,
  0x00, 0x00, 0x00, 0x46, 0x00, 0x00, 0x00, 0x0c, 0x00, 0x00, 0x00, 0x08, 0x00, 0x00, 0x00, 0x0a,
  0x00, 0x00, 0x00, 0x0c, 0x00, 0x00, 0x00, 0x01, 0x00, 0x00, 0x00, 0x00, 0x00, 0x00, 0x00, 0x47,
  0x00, 0x00, 0x00, 0x0d, 0x00, 0x00, 0x00, 0x09, 0x00, 0x00, 0x00, 0x0a, 0x00, 0x00, 0x00, 0x0c,
  0x00, 0x00, 0x00, 0x00, 0x00, 0x00, 0x00, 0x00, 0x00, 0x00, 0x00, 0x48, 0x00, 0x00, 0x00, 0x0c,
  0x00, 0x00, 0x00, 0x09, 0x00, 0x00, 0x00, 0x0a, 0x00, 0x00, 0x00, 0x0c, 0x00, 0x00, 0x00, 0x00,
  0x00, 0x00, 0x00, 0x00, 0x00, 0x00, 0x00, 0x49, 0x00, 0x00, 0x00, 0x0c, 0x00, 0x00, 0x00, 0x08,
  0x00, 0x00, 0x00, 0x0a, 0x00, 0x00, 0x00, 0x0c, 0x00, 0x00, 0x00, 0x01, 0x00, 0x00, 0x00, 0x00,
  0x00, 0x00, 0x00, 0x4a, 0x00, 0x00, 0x00, 0x0d, 0x00, 0x00, 0x00, 0x09, 0x00, 0x00, 0x00, 0x0a,
  0x00, 0x00, 0x00, 0x0c, 0x00, 0x00, 0x00, 0x00, 0x00, 0x00, 0x00, 0x00, 0x00, 0x00, 0x00, 0x4b,
  0x00, 0x00, 0x00, 0x0c, 0x00, 0x00, 0x00, 0x09, 0x00, 0x00, 0x00, 0x0a, 0x00, 0x00, 0x00, 0x0c,
  0x00, 0x00, 0x00, 0x01, 0x00, 0x00, 0x00, 0x00, 0x00, 0x00, 0x00, 0x4c, 0x00, 0x00, 0x00, 0x0c,
  0x00, 0x00, 0x00, 0x08, 0x00, 0x00, 0x00, 0x0a, 0x00, 0x00, 0x00, 0x0c, 0x00, 0x00, 0x00, 0x01,
  0x00, 0x00, 0x00, 0x00, 0x00, 0x00, 0x00, 0x4d, 0x00, 0x00, 0x00, 0x0c, 0x00, 0x00, 0x00, 0x09,
  0x00, 0x00, 0x00, 0x0a, 0x00, 0x00, 0x00, 0x0c, 0x00, 0x00, 0x00, 0x00, 0x00, 0x00, 0x00, 0x00,
  0x00, 0x00, 0x00, 0x4e, 0x00, 0x00, 0x00, 0x0c, 0x00, 0x00, 0x00, 0x09, 0x00, 0x00, 0x00, 0x0a,
  0x00, 0x00, 0x00, 0x0c, 0x00, 0x00, 0x00, 0x00, 0x00, 0x00, 0x00, 0x00, 0x00, 0x00, 0x00, 0x4f,
  0x00, 0x00, 0x00, 0x0d, 0x00, 0x00, 0x00, 0x09, 0x00, 0x00, 0x00, 0x0a, 0x00, 0x00, 0x00, 0x0c,
  0x00, 0x00, 0x00, 0x00, 0x00, 0x00, 0x00, 0x00, 0x00, 0x00, 0x00, 0x50, 0x00, 0x00, 0x00, 0x0c,
  0x00, 0x00, 0x00, 0x09, 0x00, 0x00, 0x00, 0x0a, 0x00, 0x00, 0x00, 0x0c, 0x00, 0x00, 0x00, 0x01,
  0x00, 0x00, 0x00, 0x00, 0x00, 0x00, 0x00, 0x51, 0x00, 0x00, 0x00, 0x0f, 0x00, 0x00, 0x00, 0x0a,
  0x00, 0x00, 0x00, 0x0a, 0x00, 0x00, 0x00, 0x0c, 0x00, 0x00, 0x00, 0x00, 0x00, 0x00, 0x00, 0x00,
  0x00, 0x00, 0x00, 0x52, 0x00, 0x00, 0x00, 0x0c, 0x00, 0x00, 0x00, 0x09, 0x00, 0x00, 0x00, 0x0a,
  0x00, 0x00, 0x00, 0x0c, 0x00, 0x00, 0x00, 0x01, 0x00, 0x00, 0x00, 0x00, 0x00, 0x00, 0x00, 0x53,
  0x00, 0x00, 0x00, 0x0d, 0x00, 0x00, 0x00, 0x0a, 0x00, 0x00, 0x00, 0x0a, 0x00, 0x00, 0x00, 0x0c,
  0x00, 0x00, 0x00, 0x00, 0x00, 0x00, 0x00, 0x00, 0x00, 0x00, 0x00, 0x54, 0x00, 0x00, 0x00, 0x0c,
  0x00, 0x00, 0x00, 0x0a, 0x00, 0x00, 0x00, 0x0a, 0x00, 0x00, 0x00, 0x0c, 0x00, 0x00, 0x00, 0x00,
  0x00, 0x00, 0x00, 0x00, 0x00, 0x00, 0x00, 0x55, 0x00, 0x00, 0x00, 0x0d, 0x00, 0x00, 0x00, 0x09,
  0x00, 0x00, 0x00, 0x0a, 0x00, 0x00, 0x00, 0x0c, 0x00, 0x00, 0x00, 0x00, 0x00, 0x00, 0x00, 0x00,
  0x00, 0x00, 0x00, 0x56, 0x00, 0x00, 0x00, 0x0c, 0x00, 0x00, 0x00, 0x0a, 0x00, 0x00, 0x00, 0x0a,
  0x00, 0x00, 0x00, 0x0c, 0x00, 0x00, 0x00, 0x00, 0x00, 0x00, 0x00, 0x00, 0x00, 0x00, 0x00, 0x57,
  0x00, 0x00, 0x00, 0x0c, 0x00, 0x00, 0x00, 0x0a, 0x00, 0x00, 0x00, 0x0a, 0x00, 0x00, 0x00, 0x0c,
  0x00, 0x00, 0x00, 0x00, 0x00, 0x00, 0x00, 0x00, 0x00, 0x00, 0x00, 0x58, 0x00, 0x00, 0x00, 0x0c,
  0x00, 0x00, 0x00, 0x0a, 0x00, 0x00, 0x00, 0x0a, 0x00, 0x00, 0x00, 0x0c, 0x00, 0x00, 0x00, 0x00,
  0x00, 0x00, 0x00, 0x00, 0x00, 0x00, 0x00, 0x59, 0x00, 0x00, 0x00, 0x0c, 0x00, 0x00, 0x00, 0x0a,
  0x00, 0x00, 0x00, 0x0a, 0x00, 0x00, 0x00, 0x0c, 0x00, 0x00, 0x00, 0x00, 0x00, 0x00, 0x00, 0x00,
  0x00, 0x00, 0x00, 0x5a, 0x00, 0x00, 0x00, 0x0c, 0x00, 0x00, 0x00, 0x0a, 0x00, 0x00, 0x00, 0x0a,
  0x00, 0x00, 0x00, 0x0c, 0x00, 0x00, 0x00, 0x00, 0x00, 0x00, 0x00, 0x00, 0x00, 0x00, 0x00, 0x5b,
  0x00, 0x00, 0x00, 0x11, 0x00, 0x00, 0x00, 0x04, 0x00, 0x00, 0x00, 0x0a, 0x00, 0x00, 0x00, 0x0e,
  0x00, 0x00, 0x00, 0x03, 0x00, 0x00, 0x00, 0x00, 0x00, 0x00, 0x00, 0x5c, 0x00, 0x00, 0x00, 0x0d,
  0x00, 0x00, 0x00, 0x08, 0x00, 0x00, 0x00, 0x0a, 0x00, 0x00, 0x00, 0x0c, 0x00, 0x00, 0x00, 0x01,
  0x00, 0x00, 0x00, 0x00, 0x00, 0x00, 0x00, 0x5d, 0x00, 0x00, 0x00, 0x11, 0x00, 0x00, 0x00, 0x04,
  0x00, 0x00, 0x00, 0x0a, 0x00, 0x00, 0x00, 0x0e, 0x00, 0x00, 0x00, 0x03, 0x00, 0x00, 0x00, 0x00,
  0x00, 0x00, 0x00, 0x5e, 0x00, 0x00, 0x00, 0x07, 0x00, 0x00, 0x00, 0x08, 0x00, 0x00, 0x00, 0x0a,
  0x00, 0x00, 0x00, 0x0c, 0x00, 0x00, 0x00, 0x01, 0x00, 0x00, 0x00, 0x00, 0x00, 0x00, 0x00, 0x5f,
  0x00, 0x00, 0x00, 0x02, 0x00, 0x00, 0x00, 0x08, 0x00, 0x00, 0x00, 0x0a, 0x00, 0x00, 0x00, 0x00,
  0x00, 0x00, 0x00, 0x01, 0x00, 0x00, 0x00, 0x00, 0x00, 0x00, 0x00, 0x60, 0x00, 0x00, 0x00, 0x03,
  0x00, 0x00, 0x00, 0x04, 0x00, 0x00, 0x00, 0x0a, 0x00, 0x00, 0x00, 0x0c, 0x00, 0x00, 0x00, 0x03,
  0x00, 0x00, 0x00, 0x00, 0x00, 0x00, 0x00, 0x61, 0x00, 0x00, 0x00, 0x0a, 0x00, 0x00, 0x00, 0x09,
  0x00, 0x00, 0x00, 0x0a, 0x00, 0x00, 0x00, 0x09, 0x00, 0x00, 0x00, 0x00, 0x00, 0x00, 0x00, 0x00,
  0x00, 0x00, 0x00, 0x62, 0x00, 0x00, 0x00, 0x0d, 0x00, 0x00, 0x00, 0x08, 0x00, 0x00, 0x00, 0x0a,
  0x00, 0x00, 0x00, 0x0c, 0x00, 0x00, 0x00, 0x01, 0x00, 0x00, 0x00, 0x00, 0x00, 0x00, 0x00, 0x63,
  0x00, 0x00, 0x00, 0x0a, 0x00, 0x00, 0x00, 0x09, 0x00, 0x00, 0x00, 0x0a, 0x00, 0x00, 0x00, 0x09,
  0x00, 0x00, 0x00, 0x00, 0x00, 0x00, 0x00, 0x00, 0x00, 0x00, 0x00, 0x64, 0x00, 0x00, 0x00, 0x0d,
  0x00, 0x00, 0x00, 0x09, 0x00, 0x00, 0x00, 0x0a, 0x00, 0x00, 0x00, 0x0c, 0x00, 0x00, 0x00, 0x00,
  0x00, 0x00, 0x00, 0x00, 0x00, 0x00, 0x00, 0x65, 0x00, 0x00, 0x00, 0x0a, 0x00, 0x00, 0x00, 0x09,
  0x00, 0x00, 0x00, 0x0a, 0x00, 0x00, 0x00, 0x09, 0x00, 0x00, 0x00, 0x00, 0x00, 0x00, 0x00, 0x00,
  0x00, 0x00, 0x00, 0x66, 0x00, 0x00, 0x00, 0x0d, 0x00, 0x00, 0x00, 0x0a, 0x00, 0x00, 0x00, 0x0a,
  0x00, 0x00, 0x00, 0x0d, 0x00, 0x00, 0x00, 0x00, 0x00, 0x00, 0x00, 0x00, 0x00, 0x00, 0x00, 0x67,
  0x00, 0x00, 0x00, 0x0d, 0x00, 0x00, 0x00, 0x09, 0x00, 0x00, 0x00, 0x0a, 0x00, 0x00, 0x00, 0x09,
  0x00, 0x00, 0x00, 0x00, 0x00, 0x00, 0x00, 0x00, 0x00, 0x00, 0x00, 0x68, 0x00, 0x00, 0x00, 0x0c,
  0x00, 0x00, 0x00, 0x08, 0x00, 0x00, 0x00, 0x0a, 0x00, 0x00, 0x00, 0x0c, 0x00, 0x00, 0x00, 0x01,
  0x00, 0x00, 0x00, 0x00, 0x00, 0x00, 0x00, 0x69, 0x00, 0x00, 0x00, 0x0c, 0x00, 0x00, 0x00, 0x08,
  0x00, 0x00, 0x00, 0x0a, 0x00, 0x00, 0x00, 0x0c, 0x00, 0x00, 0x00, 0x01, 0x00, 0x00, 0x00, 0x00,
  0x00, 0x00, 0x00, 0x6a, 0x00, 0x00, 0x00, 0x10, 0x00, 0x00, 0x00, 0x06, 0x00, 0x00, 0x00, 0x0a,
  0x00, 0x00, 0x00, 0x0c, 0x00, 0x00, 0x00, 0x01, 0x00, 0x00, 0x00, 0x00, 0x00, 0x00, 0x00, 0x6b,
  0x00, 0x00, 0x00, 0x0c, 0x00, 0x00, 0x00, 0x09, 0x00, 0x00, 0x00, 0x0a, 0x00, 0x00, 0x00, 0x0c,
  0x00, 0x00, 0x00, 0x01, 0x00, 0x00, 0x00, 0x00, 0x00, 0x00, 0x00, 0x6c, 0x00, 0x00, 0x00, 0x0c,
  0x00, 0x00, 0x00, 0x08, 0x00, 0x00, 0x00, 0x0a, 0x00, 0x00, 0x00, 0x0c, 0x00, 0x00, 0x00, 0x01,
  0x00, 0x00, 0x00, 0x00, 0x00, 0x00, 0x00, 0x6d, 0x00, 0x00, 0x00, 0x09, 0x00, 0x00, 0x00, 0x09,
  0x00, 0x00, 0x00, 0x0a, 0x00, 0x00, 0x00, 0x09, 0x00, 0x00, 0x00, 0x00, 0x00, 0x00, 0x00, 0x00,
  0x00, 0x00, 0x00, 0x6e, 0x00, 0x00, 0x00, 0x09, 0x00, 0x00, 0x00, 0x08, 0x00, 0x00, 0x00, 0x0a,
  0x00, 0x00, 0x00, 0x09, 0x00, 0x00, 0x00, 0x01, 0x00, 0x00, 0x00, 0x00, 0x00, 0x00, 0x00, 0x6f,
  0x00, 0x00, 0x00, 0x0a, 0x00, 0x00, 0x00, 0x09, 0x00, 0x00, 0x00, 0x0a, 0x00, 0x00, 0x00, 0x09,
  0x00, 0x00, 0x00, 0x00, 0x00, 0x00, 0x00, 0x00, 0x00, 0x00, 0x00, 0x70, 0x00, 0x00, 0x00, 0x0d,
  0x00, 0x00, 0x00, 0x08, 0x00, 0x00, 0x00, 0x0a, 0x00, 0x00, 0x00, 0x09, 0x00, 0x00, 0x00, 0x01,
  0x00, 0x00, 0x00, 0x00, 0x00, 0x00, 0x00, 0x71, 0x00, 0x00, 0x00, 0x0d, 0x00, 0x00, 0x00, 0x09,
  0x00, 0x00, 0x00, 0x0a, 0x00, 0x00, 0x00, 0x09, 0x00, 0x00, 0x00, 0x00, 0x00, 0x00, 0x00, 0x00,
  0x00, 0x00, 0x00, 0x72, 0x00, 0x00, 0x00, 0x09, 0x00, 0x00, 0x00, 0x07, 0x00, 0x00, 0x00, 0x0a,
  0x00, 0x00, 0x00, 0x09, 0x00, 0x00, 0x00, 0x02, 0x00, 0x00, 0x00, 0x00, 0x00, 0x00, 0x00, 0x73,
  0x00, 0x00, 0x00, 0x0a, 0x00, 0x00, 0x00, 0x09, 0x00, 0x00, 0x00, 0x0a, 0x00, 0x00, 0x00, 0x09,
  0x00, 0x00, 0x00, 0x00, 0x00, 0x00, 0x00, 0x00, 0x00, 0x00, 0x00, 0x74, 0x00, 0x00, 0x00, 0x0c,
  0x00, 0x00, 0x00, 0x09, 0x00, 0x00, 0x00, 0x0a, 0x00, 0x00, 0x00, 0x0b, 0x00, 0x00, 0x00, 0x00,
  0x00, 0x00, 0x00, 0x00, 0x00, 0x00, 0x00, 0x75, 0x00, 0x00, 0x00, 0x0a, 0x00, 0x00, 0x00, 0x08,
  0x00, 0x00, 0x00, 0x0a, 0x00, 0x00, 0x00, 0x09, 0x00, 0x00, 0x00, 0x01, 0x00, 0x00, 0x00, 0x00,
  0x00, 0x00, 0x00, 0x76, 0x00, 0x00, 0x00, 0x09, 0x00, 0x00, 0x00, 0x0a, 0x00, 0x00, 0x00, 0x0a,
  0x00, 0x00, 0x00, 0x09, 0x00, 0x00, 0x00, 0x00, 0x00, 0x00, 0x00, 0x00, 0x00, 0x00, 0x00, 0x77,
  0x00, 0x00, 0x00, 0x09, 0x00, 0x00, 0x00, 0x0a, 0x00, 0x00, 0x00, 0x0a, 0x00, 0x00, 0x00, 0x09,
  0x00, 0x00, 0x00, 0x00, 0x00, 0x00, 0x00, 0x00, 0x00, 0x00, 0x00, 0x78, 0x00, 0x00, 0x00, 0x09,
  0x00, 0x00, 0x00, 0x0a, 0x00, 0x00, 0x00, 0x0a, 0x00, 0x00, 0x00, 0x09, 0x00, 0x00, 0x00, 0x00,
  0x00, 0x00, 0x00, 0x00, 0x00, 0x00, 0x00, 0x79, 0x00, 0x00, 0x00, 0x0d, 0x00, 0x00, 0x00, 0x0a,
  0x00, 0x00, 0x00, 0x0a, 0x00, 0x00, 0x00, 0x09, 0x00, 0x00, 0x00, 0x00, 0x00, 0x00, 0x00, 0x00,
  0x00, 0x00, 0x00, 0x7a, 0x00, 0x00, 0x00, 0x09, 0x00, 0x00, 0x00, 0x09, 0x00, 0x00, 0x00, 0x0a,
  0x00, 0x00, 0x00, 0x09, 0x00, 0x00, 0x00, 0x00, 0x00, 0x00, 0x00, 0x00, 0x00, 0x00, 0x00, 0x7b,
  0x00, 0x00, 0x00, 0x10, 0x00, 0x00, 0x00, 0x06, 0x00, 0x00, 0x00, 0x0a, 0x00, 0x00, 0x00, 0x0d,
  0x00, 0x00, 0x00, 0x02, 0x00, 0x00, 0x00, 0x00, 0x00, 0x00, 0x00, 0x7c, 0x00, 0x00, 0x00, 0x10,
  0x00, 0x00, 0x00, 0x02, 0x00, 0x00, 0x00, 0x0a, 0x00, 0x00, 0x00, 0x0c, 0x00, 0x00, 0x00, 0x04,
  0x00, 0x00, 0x00, 0x00, 0x00, 0x00, 0x00, 0x7d, 0x00, 0x00, 0x00, 0x10, 0x00, 0x00, 0x00, 0x06,
  0x00, 0x00, 0x00, 0x0a, 0x00, 0x00, 0x00, 0x0d, 0x00, 0x00, 0x00, 0x02, 0x00, 0x00, 0x00, 0x00,
  0x00, 0x00, 0x00, 0x7e, 0x00, 0x00, 0x00, 0x05, 0x00, 0x00, 0x00, 0x09, 0x00, 0x00, 0x00, 0x0a,
  0x00, 0x00, 0x00, 0x07, 0x00, 0x00, 0x00, 0x00, 0x00, 0x00, 0x00, 0x00, 0x00, 0x00, 0x00, 0xb0,
  0x00, 0x00, 0x00, 0x05, 0x00, 0x00, 0x00, 0x05, 0x00, 0x00, 0x00, 0x0a, 0x00, 0x00, 0x00, 0x0c,
  0x00, 0x00, 0x00, 0x02, 0x00, 0x00, 0x00, 0x00, 0x00, 0x00, 0x20, 0x14, 0x00, 0x00, 0x00, 0x03,
  0x00, 0x00, 0x00, 0x0a, 0x00, 0x00, 0x00, 0x0a, 0x00, 0x00, 0x00, 0x07, 0x00, 0x00, 0x00, 0x00,
  0x00, 0x00, 0x00, 0x00, 0x13, 0x40, 0x3a, 0x00, 0x4c, 0xff, 0xe6, 0x00, 0x48, 0xff, 0xe2, 0x00,
  0x43, 0xff, 0xdd, 0x00, 0x3f, 0xff, 0xd9, 0x00, 0x3b, 0xff, 0xd5, 0x00, 0x36, 0xff, 0xd0, 0x00,
  0x32, 0xff, 0xcc, 0x00, 0x00, 0x00, 0x00, 0x00, 0x00, 0x2c, 0x10, 0x00, 0x5a, 0xff, 0xec, 0x02,
  0x49, 0xfb, 0xd7, 0x02, 0x00, 0x00, 0x00, 0x00, 0xcd, 0xcc, 0x00, 0x95, 0xff, 0x03, 0xce, 0xc1,
  0x00, 0x96, 0xf8, 0x00, 0xce, 0xaf, 0x00, 0x96, 0xe8, 0x00, 0xce, 0x9e, 0x00, 0x96, 0xd8, 0x00,
  0x33, 0x25, 0x00, 0x25, 0x33, 0x00, 0x00, 0x00, 0x00, 0x1d, 0x3b, 0x00, 0x1f, 0x3a, 0x00, 0x00,
  0x00, 0x00, 0x00, 0x93, 0xd1, 0x00, 0x9c, 0xca, 0x00, 0x00, 0x00, 0x00, 0x00, 0xc1, 0xa4, 0x00,
  0xc9, 0x9c, 0x00, 0x00, 0x00, 0x00, 0x00, 0xf5, 0x76, 0x00, 0xf9, 0x6d, 0x00, 0x00, 0x18, 0xff,
  0xff, 0xff, 0xff, 0xff, 0xff, 0xff, 0xff, 0x0a, 0x06, 0x40, 0x7d, 0xff, 0x49, 0x85, 0xff, 0x47,
  0x40, 0x02, 0x00, 0x00, 0x7b, 0xe8, 0x00, 0x85, 0xe2, 0x00, 0x00, 0x00, 0x57, 0x80, 0xcf, 0xe2,
  0x80, 0xd4, 0xdf, 0x80, 0x39, 0x00, 0x82, 0xc0, 0xfa, 0xde, 0xc0, 0xfc, 0xdc, 0xc0, 0x55, 0x00,
  0x00, 0x06, 0xff, 0x5d, 0x0b, 0xff, 0x55, 0x00, 0x00, 0x00, 0x00, 0x35, 0xff, 0x30, 0x3d, 0xff,
  0x28, 0x00, 0x00, 0x00, 0x00, 0x63, 0xfd, 0x06, 0x6b, 0xf9, 0x02, 0x00, 0x00, 0x00, 0x00, 0x00,
  0x00, 0x00, 0x19, 0x36, 0x00, 0x00, 0x00, 0x00, 0x00, 0x00, 0x00, 0x66, 0xda, 0x00, 0x00, 0x00,
  0x00, 0x00, 0x03, 0x47, 0xab, 0xed, 0x41, 0x00, 0x00, 0x00, 0x00, 0xae, 0xff, 0xff, 0xff, 0xff,
  0xc5, 0x0a, 0x00, 0x50, 0xff, 0xf8, 0x56, 0x46, 0xe1, 0xff, 0x88, 0x00, 0x8b, 0xff, 0x9b, 0x00,
  0x00, 0x5f, 0xff, 0xd1, 0x00, 0x77, 0xff, 0xd0, 0x06, 0x00, 0x12, 0x40, 0x38, 0x00, 0x15, 0xeb,
  0xff, 0xf0, 0x7e, 0x21, 0x00, 0x00, 0x00, 0x00, 0x2e, 0xc0, 0xff, 0xff, 0xff, 0xa3, 0x03, 0x00,
  0x00, 0x00, 0x00, 0x1d, 0x7b, 0xf2, 0xff, 0x7c, 0x00, 0x7e, 0x80, 0x17, 0x00, 0x00, 0x65, 0xff,
  0xd6, 0x00, 0xdc, 0xff, 0x66, 0x00, 0x00, 0x64, 0xff, 0xd9, 0x00, 0x65, 0xff, 0xfb, 0xaf, 0xa4,
  0xf1, 0xff, 0x85, 0x00, 0x01, 0x98, 0xe2, 0xff, 0xff, 0xee, 0x85, 0x07, 0x00, 0x00, 0x00, 0x02,
  0xa1, 0xc0, 0x06, 0x00, 0x00, 0x00, 0x00, 0x00, 0x00, 0x6a, 0x84, 0x00, 0x00, 0x00, 0x00, 0x32,
  0x71, 0x31, 0x00, 0x00, 0x00, 0x00, 0x00, 0x00, 0x7b, 0xff, 0xc4, 0xff, 0x77, 0x00, 0x00, 0x00,
  0x00, 0x00, 0xb4, 0xc6, 0x00, 0xc8, 0xae, 0x00, 0xaa, 0x54, 0x00, 0x00, 0xb2, 0xc8, 0x00, 0xcb,
  0xae, 0x40, 0xf7, 0x1b, 0x00, 0x00, 0x47, 0xff, 0xe9, 0xff, 0x45, 0xcd, 0x85, 0x00, 0x00, 0x00,
  0x00, 0x3a, 0x80, 0x3b, 0x5a, 0xeb, 0x0d, 0x00, 0x00, 0x00, 0x00, 0x00, 0x00, 0x05, 0xe4, 0x6e,
  0x00, 0x00, 0x00, 0x00, 0x00, 0x00, 0x00, 0x73, 0xdc, 0x51, 0xc0, 0xc0, 0x72, 0x00, 0x00, 0x00,
  0x11, 0xf2, 0x58, 0xf4, 0xc4, 0xad, 0xff, 0x29, 0x00, 0x00, 0x8d, 0xc8, 0x20, 0xff, 0x57, 0x27,
  0xff, 0x4f, 0x00, 0x00, 0x27, 0x2e, 0x11, 0xfa, 0x94, 0x5b, 0xff, 0x39, 0x00, 0x00, 0x00, 0x00,
  0x00, 0x79, 0xff, 0xff, 0xab, 0x00, 0x00, 0x00, 0x00, 0x00, 0x00, 0x00, 0x29, 0x38, 0x00, 0x00,
  0x00, 0x00, 0x00, 0x3e, 0x73, 0x4c, 0x02, 0x00, 0x00, 0x00, 0x00, 0x00, 0xad, 0xff, 0xff, 0xff,
  0xb3, 0x01, 0x00, 0x00, 0x00, 0x36, 0xff, 0xe0, 0x43, 0xc8, 0xff, 0x36, 0x00, 0x00, 0x00, 0x57,
  0xff, 0xa1, 0x00, 0x8e, 0xff, 0x35, 0x00, 0x00, 0x00, 0x32, 0xff, 0xe5, 0x7e, 0xf5, 0xbe, 0x00,
  0x00, 0x00, 0x00, 0x00, 0xb5, 0xff, 0xff, 0xa3, 0x07, 0x00, 0x00, 0x00, 0x00, 0x29, 0xef, 0xff,
  0xff, 0x6e, 0x00, 0x41, 0x80, 0x2b, 0x0b, 0xe9, 0xff, 0x8a, 0xfe, 0xfc, 0x39, 0xa6, 0xff, 0x44,
  0x51, 0xff, 0xd7, 0x00, 0x7c, 0xff, 0xe4, 0xf5, 0xfc, 0x10, 0x5f, 0xff, 0xdf, 0x03, 0x01, 0xbb,
  0xff, 0xff, 0xa9, 0x00, 0x15, 0xf2, 0xff, 0xc3, 0x8d, 0xe1, 0xff, 0xff, 0x6f, 0x00, 0x00, 0x36,
  0xdf, 0xff, 0xff, 0xe0, 0x8a, 0xfc, 0xfd, 0x40, 0x00, 0x00, 0x07, 0x3e, 0x1a, 0x00, 0x00, 0x00,
  0x00, 0x00, 0x6e, 0xff, 0x3e, 0x70, 0xff, 0x38, 0x70, 0xff, 0x28, 0x70, 0xff, 0x18, 0x1c, 0x40,
  0x02, 0x00, 0x00, 0x00, 0x0b, 0x6f, 0x00, 0x00, 0x00, 0x14, 0xc0, 0xd9, 0x00, 0x00, 0x00, 0xbd,
  0xf0, 0x20, 0x00, 0x00, 0x3f, 0xff, 0x84, 0x00, 0x00, 0x00, 0xad, 0xff, 0x27, 0x00, 0x00, 0x04,
  0xf9, 0xd8, 0x00, 0x00, 0x00, 0x2a, 0xff, 0xac, 0x00, 0x00, 0x00, 0x46, 0xff, 0x95, 0x00, 0x00,
  0x00, 0x4c, 0xff, 0x90, 0x00, 0x00, 0x00, 0x43, 0xff, 0x96, 0x00, 0x00, 0x00, 0x2a, 0xff, 0xb3,
  0x00, 0x00, 0x00, 0x04, 0xf9, 0xd9, 0x00, 0x00, 0x00, 0x00, 0xab, 0xff, 0x18, 0x00, 0x00, 0x00,
  0x3d, 0xff, 0x89, 0x00, 0x00, 0x00, 0x00, 0xb5, 0xf9, 0x31, 0x00, 0x00, 0x00, 0x05, 0xbe, 0xe2,
  0x00, 0x00, 0x00, 0x00, 0x05, 0x41, 0x00, 0x2f, 0x4e, 0x00, 0x00, 0x00, 0x5f, 0xfc, 0x5a, 0x00,
  0x00, 0x00, 0xa2, 0xff, 0x41, 0x00, 0x00, 0x15, 0xfa, 0xcb, 0x00, 0x00, 0x00, 0xb1, 0xff, 0x3a,
  0x00, 0x00, 0x67, 0xff, 0x8c, 0x00, 0x00, 0x3a, 0xff, 0xbc, 0x00, 0x00, 0x1f, 0xff, 0xd6, 0x00,
  0x00, 0x17, 0xff, 0xde, 0x00, 0x00, 0x20, 0xff, 0xd3, 0x00, 0x00, 0x3a, 0xff, 0xb2, 0x00, 0x00,
  0x66, 0xff, 0x7b, 0x00, 0x00, 0xaa, 0xff, 0x22, 0x00, 0x14, 0xf6, 0xa9, 0x00, 0x00, 0xaa, 0xf5,
  0x23, 0x00, 0x57, 0xfc, 0x45, 0x00, 0x00, 0x1c, 0x2a, 0x00, 0x00, 0x00, 0x00, 0x00, 0x00, 0x27,
  0x40, 0x04, 0x00, 0x00, 0x00, 0x00, 0x00, 0x00, 0x91, 0xfe, 0x01, 0x00, 0x00, 0x00, 0x11, 0x04,
  0x00, 0x79, 0xe7, 0x00, 0x00, 0x14, 0x00, 0x89, 0xe5, 0x7c, 0x78, 0xd1, 0x4f, 0xbe, 0xeb, 0x00,
  0x41, 0x8e, 0xce, 0xff, 0xff, 0xf0, 0xc5, 0x9d, 0x0f, 0x00, 0x00, 0x33, 0xf5, 0xf5, 0x76, 0x00,
  0x00, 0x00, 0x00, 0x1f, 0xeb, 0xaf, 0x73, 0xfd, 0x3b, 0x00, 0x00, 0x00, 0x9e, 0xf7, 0x1e, 0x05,
  0xdf, 0xe4, 0x06, 0x00, 0x00, 0x03, 0x3c, 0x00, 0x00, 0x4e, 0x3e, 0x00, 0x00, 0x00, 0x00, 0x00,
  0x2e, 0x80, 0x5b, 0x00, 0x00, 0x00, 0x00, 0x00, 0x00, 0x5c, 0xff, 0xb6, 0x00, 0x00, 0x00, 0x00,
  0x00, 0x00, 0x5c, 0xff, 0xb6, 0x00, 0x00, 0x00, 0x0e, 0x40, 0x40, 0x85, 0xff, 0xc8, 0x40, 0x40,
  0x24, 0x3a, 0xff, 0xff, 0xff, 0xff, 0xff, 0xff, 0xff, 0x92, 0x2b, 0xc0, 0xc0, 0xd7, 0xff, 0xed,
  0xc0, 0xc0, 0x6d, 0x00, 0x00, 0x00, 0x5c, 0xff, 0xb6, 0x00, 0x00, 0x00, 0x00, 0x00, 0x00, 0x5c,
  0xff, 0xb6, 0x00, 0x00, 0x00, 0x00, 0x00, 0x00, 0x45, 0xc0, 0x88, 0x00, 0x00, 0x00, 0x00, 0x7c,
  0xff, 0x8c, 0x00, 0x7c, 0xff, 0x89, 0x00, 0x86, 0xff, 0x72, 0x00, 0xb8, 0xff, 0x2a, 0x0a, 0xe5,
  0x90, 0x00, 0x00, 0x10, 0x03, 0x00, 0xb6, 0xe5, 0xe5, 0xe5, 0xe5, 0xe5, 0xa2, 0xae, 0xdb, 0xdb,
  0xdb, 0xdb, 0xdb, 0x9b, 0x1d, 0x9b, 0x6a, 0x00, 0xa0, 0xff, 0xff, 0x3a, 0x6a, 0xfe, 0xe7, 0x15,
  0x00, 0x1f, 0x09, 0x00, 0x00, 0x00, 0x00, 0x00, 0x04, 0x40, 0x3e, 0x00, 0x00, 0x00, 0x00, 0x48,
  0xff, 0xc0, 0x00, 0x00, 0x00, 0x00, 0xa0, 0xff, 0x60, 0x00, 0x00, 0x00, 0x05, 0xf3, 0xfa, 0x0c,
  0x00, 0x00, 0x00, 0x50, 0xff, 0xb0, 0x00, 0x00, 0x00, 0x00, 0xb0, 0xff, 0x58, 0x00, 0x00, 0x00,
  0x0c, 0xfa, 0xf3, 0x0c, 0x00, 0x00, 0x00, 0x60, 0xff, 0xa8, 0x00, 0x00, 0x00, 0x00, 0xb8, 0xff,
  0x50, 0x00, 0x00, 0x00, 0x16, 0xfa, 0xe9, 0x05, 0x00, 0x00, 0x00, 0x68, 0xff, 0x98, 0x00, 0x00,
  0x00, 0x00, 0xc0, 0xff, 0x40, 0x00, 0x00, 0x00, 0x23, 0xfe, 0xe9, 0x01, 0x00, 0x00, 0x00, 0x00,
  0x06, 0x48, 0x74, 0x63, 0x2c, 0x00, 0x00, 0x07, 0xd1, 0xff, 0xff, 0xff, 0xff, 0x70, 0x00, 0x6d,
  0xff, 0xd7, 0x41, 0x73, 0xff, 0xf6, 0x11, 0xbc, 0xff, 0x64, 0x00, 0x00, 0xd4, 0xff, 0x57, 0xe0,
  0xff, 0x4a, 0x00, 0x0a, 0xd2, 0xff, 0x78, 0xe5, 0xff, 0x49, 0x2c, 0xda, 0xff, 0xff, 0x81, 0xe4,
  0xff, 0xa5, 0xf9, 0x99, 0xb4, 0xff, 0x80, 0xe5, 0xff, 0xf2, 0x56, 0x00, 0xad, 0xff, 0x80, 0xd8,
  0xff, 0x5a, 0x00, 0x00, 0xb8, 0xff, 0x70, 0x9d, 0xff, 0x93, 0x00, 0x0b, 0xe9, 0xff, 0x38, 0x2d,
  0xfe, 0xff, 0xa0, 0xd1, 0xff, 0xcb, 0x00, 0x00, 0x5e, 0xfa, 0xff, 0xff, 0xd6, 0x1e, 0x00, 0x00,
  0x00, 0x17, 0x40, 0x3b, 0x04, 0x00, 0x00, 0x00, 0x00, 0x00, 0x00, 0x06, 0x18, 0x00, 0x02, 0x42,
  0x9c, 0xef, 0x6c, 0x64, 0xe8, 0xff, 0xff, 0xff, 0x6c, 0xa4, 0xda, 0x82, 0xd5, 0xff, 0x6c, 0x19,
  0x00, 0x00, 0xc5, 0xff, 0x6c, 0x00, 0x00, 0x00, 0xc6, 0xff, 0x6c, 0x00, 0x00, 0x00, 0xc6, 0xff,
  0x6c, 0x00, 0x00, 0x00, 0xc6, 0xff, 0x6c, 0x00, 0x00, 0x00, 0xc6, 0xff, 0x6c, 0x00, 0x00, 0x00,
  0xc6, 0xff, 0x6c, 0x00, 0x00, 0x00, 0xc6, 0xff, 0x6c, 0x00, 0x00, 0x00, 0xc6, 0xff, 0x6c, 0x00,
  0x00, 0x1b, 0x57, 0x77, 0x5a, 0x1a, 0x00, 0x00, 0x00, 0x57, 0xfb, 0xff, 0xff, 0xff, 0xf8, 0x3d,
  0x00, 0x13, 0xf8, 0xff, 0xa8, 0x55, 0xc4, 0xff, 0xdd, 0x00, 0x5b, 0xff, 0xce, 0x00, 0x00, 0x0d,
  0xff, 0xff, 0x19, 0x1c, 0x40, 0x2e, 0x00, 0x00, 0x1a, 0xff, 0xfa, 0x0b, 0x00, 0x00, 0x00, 0x00,
  0x00, 0xac, 0xff, 0xa8, 0x00, 0x00, 0x00, 0x00, 0x00, 0x7c, 0xff, 0xf5, 0x26, 0x00, 0x00, 0x00,
  0x00, 0x75, 0xff, 0xf5, 0x3e, 0x00, 0x00, 0x00, 0x00, 0x60, 0xff, 0xf7, 0x3e, 0x00, 0x00, 0x00,
  0x00, 0x4c, 0xfc, 0xfb, 0x44, 0x00, 0x00, 0x00, 0x00, 0x22, 0xf8, 0xff, 0xea, 0xc0, 0xc0, 0xc0,
  0xc0, 0x67, 0x38, 0xff, 0xff, 0xff, 0xff, 0xff, 0xff, 0xff, 0x8a, 0x00, 0x00, 0x0c, 0x4f, 0x77,
  0x5b, 0x1d, 0x00, 0x00, 0x00, 0x48, 0xf4, 0xff, 0xff, 0xff, 0xfe, 0x82, 0x00, 0x04, 0xe8, 0xff,
  0x9d, 0x40, 0x7a, 0xff, 0xff, 0x29, 0x0c, 0x80, 0x80, 0x0c, 0x00, 0x00, 0xce, 0xff, 0x59, 0x00,
  0x00, 0x00, 0x00, 0x00, 0x18, 0xf4, 0xff, 0x37, 0x00, 0x00, 0x00, 0x88, 0xc0, 0xe5, 0xff, 0x8f,
  0x00, 0x00, 0x00, 0x00, 0xb4, 0xff, 0xff, 0xf5, 0x67, 0x00, 0x00, 0x00, 0x00, 0x00, 0x0b, 0x63,
  0xf3, 0xff, 0x3e, 0x00, 0x00, 0x00, 0x00, 0x00, 0x00, 0xa2, 0xff, 0x84, 0x2e, 0xff, 0xfc, 0x1a,
  0x00, 0x00, 0xc7, 0xff, 0x73, 0x00, 0xb9, 0xff, 0xe1, 0x96, 0xc6, 0xff, 0xf0, 0x1c, 0x00, 0x0c,
  0x89, 0xfe, 0xff, 0xff, 0xdd, 0x34, 0x00, 0x00, 0x00, 0x00, 0x1f, 0x40, 0x32, 0x00, 0x00, 0x00,
  0x00, 0x00, 0x00, 0x00, 0x00, 0x35, 0x40, 0x1c, 0x00, 0x00, 0x00, 0x00, 0x00, 0x38, 0xff, 0xff,
  0x72, 0x00, 0x00, 0x00, 0x00, 0x07, 0xd9, 0xff, 0xff, 0x72, 0x00, 0x00, 0x00, 0x00, 0x82, 0xff,
  0xf2, 0xff, 0x72, 0x00, 0x00, 0x00, 0x26, 0xfb, 0xbc, 0xb9, 0xff, 0x71, 0x00, 0x00, 0x01, 0xc7,
  0xf3, 0x1b, 0xba, 0xff, 0x72, 0x00, 0x00, 0x6c, 0xff, 0x6a, 0x00, 0xba, 0xff, 0x72, 0x00, 0x1c,
  0xf3, 0xe1, 0x40, 0x40, 0xcb, 0xff, 0x95, 0x31, 0x80, 0xff, 0xff, 0xff, 0xff, 0xff, 0xff, 0xff,
  0xc4, 0x3d, 0x80, 0x80, 0x80, 0x80, 0xdd, 0xff, 0xb9, 0x62, 0x00, 0x00, 0x00, 0x00, 0x00, 0xba,
  0xff, 0x72, 0x00, 0x00, 0x00, 0x00, 0x00, 0x00, 0xba, 0xff, 0x72, 0x00, 0x00, 0x09, 0x40, 0x40,
  0x40, 0x40, 0x40, 0x40, 0x0b, 0x00, 0x39, 0xff, 0xff, 0xff, 0xff, 0xff, 0xff, 0x2c, 0x00, 0x56,
  0xff, 0xcf, 0x80, 0x80, 0x80, 0x80, 0x16, 0x00, 0x74, 0xff, 0x89, 0x00, 0x00, 0x00, 0x00, 0x00,
  0x00, 0x91, 0xff, 0x73, 0x58, 0x70, 0x3c, 0x00, 0x00, 0x00, 0xae, 0xff, 0xff, 0xff, 0xff, 0xff,
  0x9e, 0x00, 0x00, 0x6b, 0xb2, 0x73, 0x40, 0x6f, 0xff, 0xff, 0x33, 0x00, 0x00, 0x00, 0x00, 0x00,
  0x00, 0xc1, 0xff, 0x76, 0x04, 0x40, 0x40, 0x05, 0x00, 0x00, 0xa7, 0xff, 0x84, 0x02, 0xf3, 0xff,
  0x47, 0x00, 0x06, 0xe6, 0xff, 0x5c, 0x00, 0x85, 0xff, 0xf7, 0x9c, 0xcd, 0xff, 0xea, 0x0e, 0x00,
  0x01, 0x6a, 0xf4, 0xff, 0xfd, 0xb8, 0x2d, 0x00, 0x00, 0x00, 0x00, 0x11, 0x3f, 0x0d, 0x00, 0x00,
  0x00, 0x00, 0x00, 0x00, 0x00, 0x13, 0x49, 0x67, 0x00, 0x00, 0x00, 0x00, 0x16, 0xb4, 0xff, 0xff,
  0xde, 0x00, 0x00, 0x00, 0x07, 0xd7, 0xff, 0xd8, 0x76, 0x41, 0x00, 0x00, 0x00, 0x76, 0xff, 0xd8,
  0x0f, 0x00, 0x00, 0x00, 0x00, 0x00, 0xdb, 0xff, 0x4c, 0x70, 0x78, 0x49, 0x04, 0x00, 0x12, 0xff,
  0xff, 0xea, 0xff, 0xff, 0xff, 0xbc, 0x01, 0x29, 0xff, 0xff, 0xa5, 0x41, 0x65, 0xfc, 0xff, 0x46,
  0x2c, 0xff, 0xff, 0x02, 0x00, 0x00, 0xb5, 0xff, 0x7e, 0x20, 0xff, 0xff, 0x0a, 0x00, 0x00, 0x99,
  0xff, 0x89, 0x00, 0xe1, 0xff, 0x58, 0x00, 0x0a, 0xda, 0xff, 0x5b, 0x00, 0x69, 0xff, 0xfa, 0x9b,
  0xd3, 0xff, 0xe2, 0x0b, 0x00, 0x00, 0x77, 0xdf, 0xff, 0xfb, 0xb2, 0x24, 0x00, 0x00, 0x00, 0x00,
  0x00, 0x2b, 0x0c, 0x00, 0x00, 0x00, 0x1d, 0x40, 0x40, 0x40, 0x40, 0x40, 0x40, 0x40, 0x22, 0x75,
  0xff, 0xff, 0xff, 0xff, 0xff, 0xff, 0xff, 0x84, 0x3b, 0x80, 0x80, 0x80, 0x80, 0x80, 0xee, 0xff,
  0x32, 0x00, 0x00, 0x00, 0x00, 0x00, 0x34, 0xff, 0xc6, 0x00, 0x00, 0x00, 0x00, 0x00, 0x00, 0xaf,
  0xff, 0x57, 0x00, 0x00, 0x00, 0x00, 0x00, 0x26, 0xfe, 0xe8, 0x02, 0x00, 0x00, 0x00, 0x00, 0x00,
  0x9e, 0xff, 0x79, 0x00, 0x00, 0x00, 0x00, 0x00, 0x1a, 0xfb, 0xf8, 0x12, 0x00, 0x00, 0x00, 0x00,
  0x00, 0x8d, 0xff, 0x9b, 0x00, 0x00, 0x00, 0x00, 0x00, 0x11, 0xf6, 0xff, 0x29, 0x00, 0x00, 0x00,
  0x00, 0x00, 0x7c, 0xff, 0xbe, 0x00, 0x00, 0x00, 0x00, 0x00, 0x06, 0xee, 0xff, 0x4f, 0x00, 0x00,
  0x00, 0x00, 0x00, 0x00, 0x07, 0x4a, 0x76, 0x5b, 0x19, 0x00, 0x00, 0x00, 0x28, 0xe7, 0xff, 0xff,
  0xff, 0xfc, 0x68, 0x00, 0x00, 0xb0, 0xff, 0xcd, 0x40, 0x90, 0xff, 0xf8, 0x0c, 0x00, 0xde, 0xff,
  0x49, 0x00, 0x05, 0xf8, 0xff, 0x33, 0x00, 0xc2, 0xff, 0x73, 0x00, 0x1e, 0xfe, 0xff, 0x1a, 0x00,
  0x3f, 0xf5, 0xfd, 0xc0, 0xe7, 0xff, 0x7a, 0x00, 0x00, 0x2d, 0xc4, 0xff, 0xff, 0xff, 0xe8, 0x47,
  0x00, 0x00, 0xd1, 0xff, 0x9c, 0x16, 0x5f, 0xf8, 0xfd, 0x26, 0x1a, 0xff, 0xff, 0x0d, 0x00, 0x00,
  0xb9, 0xff, 0x6d, 0x16, 0xff, 0xff, 0x31, 0x00, 0x04, 0xdc, 0xff, 0x6a, 0x00, 0xab, 0xff, 0xe7,
  0x9a, 0xcd, 0xff, 0xea, 0x15, 0x00, 0x0b, 0x8a, 0xfe, 0xff, 0xff, 0xbf, 0x26, 0x00, 0x00, 0x00,
  0x00, 0x1e, 0x40, 0x35, 0x00, 0x00, 0x00, 0x00, 0x00, 0x17, 0x56, 0x77, 0x5a, 0x13, 0x00, 0x00,
  0x00, 0x1d, 0xf0, 0xff, 0xff, 0xff, 0xe4, 0x27, 0x00, 0x00, 0xc2, 0xff, 0xc8, 0x56, 0xb6, 0xff,
  0xbe, 0x00, 0x1a, 0xff, 0xfd, 0x16, 0x00, 0x04, 0xf6, 0xff, 0x23, 0x39, 0xff, 0xec, 0x00, 0x00,
  0x00, 0xd0, 0xff, 0x4e, 0x22, 0xff, 0xff, 0x23, 0x00, 0x00, 0xdb, 0xff, 0x5b, 0x00, 0xd7, 0xff,
  0xc8, 0x4b, 0xa9, 0xff, 0xff, 0x4e, 0x00, 0x33, 0xe9, 0xff, 0xff, 0xec, 0xf6, 0xff, 0x2a, 0x00,
  0x00, 0x05, 0x3d, 0x3e, 0x20, 0xff, 0xe6, 0x03, 0x00, 0x00, 0x00, 0x00, 0x2c, 0xbe, 0xff, 0x6e,
  0x00, 0x00, 0x00, 0x6a, 0xcf, 0xff, 0xff, 0xaf, 0x03, 0x00, 0x00, 0x00, 0x8d, 0xff, 0xe8, 0x81,
  0x02, 0x00, 0x00, 0x00, 0x00, 0x00, 0x00, 0x00, 0x00, 0x00, 0x00, 0x00, 0x00, 0x18, 0x0a, 0x00,
  0x50, 0xfa, 0xf1, 0x2a, 0x86, 0xff, 0xff, 0x56, 0x13, 0x96, 0x7e, 0x05, 0x00, 0x00, 0x00, 0x00,
  0x00, 0x00, 0x00, 0x00, 0x00, 0x00, 0x00, 0x00, 0x12, 0x93, 0x7c, 0x06, 0x86, 0xff, 0xff, 0x56,
  0x4f, 0xfb, 0xf2, 0x29, 0x00, 0x1b, 0x0c, 0x00, 0x00, 0x05, 0x1e, 0x00, 0x15, 0xe6, 0xfe, 0x6a,
  0x37, 0xff, 0xff, 0xa4, 0x00, 0x6f, 0xa0, 0x1e, 0x00, 0x00, 0x00, 0x00, 0x00, 0x00, 0x00, 0x00,
  0x00, 0x00, 0x00, 0x00, 0x00, 0x00, 0x00, 0x00, 0x00, 0xe4, 0xff, 0x24, 0x00, 0xe4, 0xff, 0x21,
  0x00, 0xf0, 0xff, 0x0c, 0x20, 0xff, 0xc2, 0x00, 0x56, 0xf6, 0x30, 0x00, 0x00, 0x12, 0x00, 0x00,
  0x00, 0x00, 0x00, 0x00, 0x00, 0x00, 0x40, 0x11, 0x00, 0x00, 0x00, 0x12, 0x74, 0xd9, 0xff, 0x22,
  0x01, 0x44, 0xa4, 0xfb, 0xff, 0xfd, 0xb9, 0x11, 0xb4, 0xff, 0xff, 0xc6, 0x6a, 0x14, 0x00, 0x00,
  0xc8, 0xff, 0xe5, 0x86, 0x29, 0x00, 0x00, 0x00, 0x20, 0x93, 0xf3, 0xff, 0xff, 0xd1, 0x79, 0x08,
  0x00, 0x00, 0x0b, 0x6c, 0xda, 0xff, 0xff, 0x22, 0x00, 0x00, 0x00, 0x00, 0x01, 0x4b, 0xba, 0x22,
  0x62, 0x80, 0x80, 0x80, 0x80, 0x80, 0x80, 0x50, 0xc4, 0xff, 0xff, 0xff, 0xff, 0xff, 0xff, 0xa0,
  0x62, 0x80, 0x80, 0x80, 0x80, 0x80, 0x80, 0x50, 0x00, 0x00, 0x00, 0x00, 0x00, 0x00, 0x00, 0x00,
  0xc4, 0xff, 0xff, 0xff, 0xff, 0xff, 0xff, 0xa0, 0x93, 0xc0, 0xc0, 0xc0, 0xc0, 0xc0, 0xc0, 0x78,
  0x47, 0x0d, 0x00, 0x00, 0x00, 0x00, 0x00, 0x00, 0xbe, 0xf5, 0x9f, 0x3b, 0x00, 0x00, 0x00, 0x00,
  0x73, 0xea, 0xff, 0xff, 0xd9, 0x73, 0x12, 0x00, 0x00, 0x01, 0x42, 0x95, 0xec, 0xff, 0xfb, 0x3a,
  0x00, 0x00, 0x0a, 0x5b, 0xb0, 0xfe, 0xff, 0x49, 0x43, 0xae, 0xf8, 0xff, 0xff, 0xc5, 0x54, 0x04,
  0xbe, 0xff, 0xf7, 0x9d, 0x2d, 0x00, 0x00, 0x00, 0xa0, 0x78, 0x12, 0x00, 0x00, 0x00, 0x00, 0x00,
  0x00, 0x00, 0x3b, 0x70, 0x69, 0x38, 0x00, 0x00, 0x0f, 0xcd, 0xff, 0xff, 0xff, 0xff, 0xc5, 0x08,
  0x82, 0xff, 0xdb, 0x49, 0x4d, 0xe9, 0xff, 0x6f, 0x5a, 0x80, 0x3c, 0x00, 0x00, 0x9e, 0xff, 0x94,
  0x00, 0x00, 0x00, 0x00, 0x0b, 0xdc, 0xff, 0x65, 0x00, 0x00, 0x00, 0x0f, 0xc1, 0xff, 0xe2, 0x08,
  0x00, 0x00, 0x00, 0xaa, 0xff, 0xc3, 0x20, 0x00, 0x00, 0x00, 0x0c, 0xff, 0xf2, 0x11, 0x00, 0x00,
  0x00, 0x00, 0x0c, 0x80, 0x6d, 0x00, 0x00, 0x00, 0x00, 0x00, 0x00, 0x2a, 0x12, 0x00, 0x00, 0x00,
  0x00, 0x00, 0x4e, 0xff, 0xf4, 0x08, 0x00, 0x00, 0x00, 0x00, 0x3f, 0xfa, 0xdf, 0x09, 0x00, 0x00,
  0x00, 0x00, 0x00, 0x00, 0x00, 0x00, 0x00, 0x00, 0x00, 0x00, 0x00, 0x00, 0x12, 0x36, 0x0c, 0x00,
  0x00, 0x00, 0x00, 0x00, 0x40, 0xca, 0xfe, 0xff, 0xff, 0x89, 0x01, 0x00, 0x00, 0x39, 0xf8, 0x75,
  0x1d, 0x11, 0x55, 0xe2, 0x6d, 0x00, 0x03, 0xd1, 0x80, 0x2f, 0xc9, 0xf1, 0x96, 0x58, 0xde, 0x00,
  0x52, 0xf8, 0x0f, 0xd4, 0xce, 0x87, 0xe8, 0x1b, 0xff, 0x10, 0x91, 0xc4, 0x2e, 0xff, 0x22, 0x65,
  0xd1, 0x0e, 0xff, 0x1d, 0xa6, 0xa5, 0x67, 0xed, 0x00, 0x7b, 0xbc, 0x18, 0xff, 0x09, 0xa6, 0xa4,
  0x6c, 0xf7, 0x01, 0x90, 0xa6, 0x44, 0xd6, 0x00, 0x8c, 0xca, 0x30, 0xfe, 0xb3, 0xee, 0xdb, 0xcd,
  0x61, 0x00, 0x4e, 0xff, 0x32, 0x5a, 0x7a, 0x22, 0x73, 0x64, 0x00, 0x00, 0x02, 0xa2, 0xe8, 0x6d,
  0x40, 0x46, 0x4e, 0x00, 0x00, 0x00, 0x00, 0x00, 0x8a, 0xf5, 0xff, 0xfe, 0x90, 0x00, 0x00, 0x00,
  0x00, 0x00, 0x00, 0x00, 0x00, 0x00, 0x00, 0x00, 0x00, 0x00, 0x00, 0x00, 0x00, 0x06, 0x40, 0x3f,
  0x00, 0x00, 0x00, 0x00, 0x00, 0x00, 0x00, 0x4d, 0xff, 0xff, 0x2e, 0x00, 0x00, 0x00, 0x00, 0x00,
  0x00, 0xa2, 0xff, 0xff, 0x81, 0x00, 0x00, 0x00, 0x00, 0x00, 0x06, 0xf1, 0xef, 0xff, 0xd3, 0x00,
  0x00, 0x00, 0x00, 0x00, 0x4b, 0xff, 0xa6, 0xca, 0xff, 0x26, 0x00, 0x00, 0x00, 0x00, 0xa0, 0xff,
  0x5e, 0x84, 0xff, 0x7b, 0x00, 0x00, 0x00, 0x06, 0xf2, 0xff, 0x15, 0x3f, 0xff, 0xce, 0x00, 0x00,
  0x00, 0x49, 0xff, 0xe1, 0x40, 0x44, 0xff, 0xff, 0x20, 0x00, 0x00, 0xa0, 0xff, 0xff, 0xff, 0xff,
  0xff, 0xff, 0x74, 0x00, 0x05, 0xf2, 0xff, 0xca, 0xc0, 0xc0, 0xd6, 0xff, 0xc6, 0x00, 0x4a, 0xff,
  0xf5, 0x06, 0x00, 0x00, 0x2a, 0xff, 0xff, 0x18, 0x9f, 0xff, 0xae, 0x00, 0x00, 0x00, 0x00, 0xe4,
  0xff, 0x6e, 0x3f, 0x40, 0x40, 0x40, 0x40, 0x37, 0x02, 0x00, 0x00, 0xfe, 0xff, 0xff, 0xff, 0xff,
  0xff, 0xbf, 0x0a, 0x00, 0xfc, 0xff, 0x9a, 0x80, 0x84, 0xf0, 0xff, 0xaf, 0x00, 0xfc, 0xff, 0x34,
  0x00, 0x00, 0x57, 0xff, 0xe7, 0x00, 0xfc, 0xff, 0x34, 0x00, 0x00, 0x65, 0xff, 0xce, 0x00, 0xfc,
  0xff, 0x9a, 0x80, 0xb0, 0xf3, 0xeb, 0x47, 0x00, 0xfc, 0xff, 0xff, 0xff, 0xff, 0xff, 0xb4, 0x3b,
  0x00, 0xfc, 0xff, 0x34, 0x00, 0x00, 0x72, 0xff, 0xf6, 0x0a, 0xfd, 0xff, 0x35, 0x00, 0x00, 0x03,
  0xff, 0xff, 0x2c, 0xfc, 0xff, 0x34, 0x00, 0x00, 0x53, 0xff, 0xff, 0x16, 0xfd, 0xff, 0xcd, 0xc0,
  0xdd, 0xff, 0xff, 0x95, 0x00, 0xfc, 0xff, 0xff, 0xff, 0xff, 0xdb, 0x80, 0x0c, 0x00, 0x00, 0x00,
  0x07, 0x67, 0x80, 0x67, 0x38, 0x01, 0x00, 0x00, 0x0b, 0xcd, 0xff, 0xff, 0xff, 0xff, 0xb1, 0x04,
  0x00, 0xa3, 0xff, 0xd3, 0x48, 0x7c, 0xea, 0xff, 0x6b, 0x1b, 0xff, 0xff, 0x2c, 0x00, 0x00, 0x6c,
  0xff, 0xc3, 0x4d, 0xff, 0xe7, 0x00, 0x00, 0x00, 0x12, 0x40, 0x39, 0x61, 0xff, 0xd8, 0x00, 0x00,
  0x00, 0x00, 0x00, 0x00, 0x62, 0xff, 0xd8, 0x00, 0x00, 0x00, 0x00, 0x00, 0x00, 0x5d, 0xff, 0xda,
  0x00, 0x00, 0x00, 0x00, 0x00, 0x00, 0x41, 0xff, 0xf5, 0x02, 0x00, 0x00, 0x26, 0x80, 0x6f, 0x0d,
  0xf5, 0xff, 0x47, 0x00, 0x00, 0x98, 0xff, 0xb3, 0x00, 0x7e, 0xff, 0xf7, 0xa2, 0xb4, 0xfe, 0xff,
  0x48, 0x00, 0x04, 0x85, 0xf2, 0xff, 0xff, 0xf3, 0x67, 0x00, 0x00, 0x00, 0x00, 0x0b, 0x40, 0x3c,
  0x07, 0x00, 0x00, 0x01, 0x40, 0x40, 0x40, 0x40, 0x30, 0x00, 0x00, 0x00, 0x05, 0xff, 0xff, 0xff,
  0xff, 0xff, 0xce, 0x28, 0x00, 0x05, 0xff, 0xff, 0x98, 0x85, 0xe0, 0xff, 0xd9, 0x07, 0x04, 0xff,
  0xff, 0x30, 0x00, 0x0e, 0xd9, 0xff, 0x65, 0x05, 0xff, 0xff, 0x30, 0x00, 0x00, 0x84, 0xff, 0xc0,
  0x05, 0xff, 0xff, 0x30, 0x00, 0x00, 0x5c, 0xff, 0xe0, 0x05, 0xff, 0xff, 0x30, 0x00, 0x00, 0x56,
  0xff, 0xe7, 0x04, 0xff, 0xff, 0x30, 0x00, 0x00, 0x63, 0xff, 0xd6, 0x05, 0xff, 0xff, 0x30, 0x00,
  0x00, 0x9f, 0xff, 0xa7, 0x04, 0xff, 0xff, 0x30, 0x00, 0x54, 0xfd, 0xff, 0x3a, 0x05, 0xff, 0xff,
  0xcc, 0xc3, 0xff, 0xff, 0x8a, 0x00, 0x04, 0xff, 0xff, 0xff, 0xfe, 0xbb, 0x52, 0x01, 0x00, 0x36,
  0x40, 0x40, 0x40, 0x40, 0x40, 0x40, 0x32, 0xda, 0xff, 0xff, 0xff, 0xff, 0xff, 0xff, 0xca, 0xda,
  0xff, 0xad, 0x80, 0x80, 0x80, 0x80, 0x65, 0xda, 0xff, 0x5a, 0x00, 0x00, 0x00, 0x00, 0x00, 0xda,
  0xff, 0x5a, 0x00, 0x00, 0x00, 0x00, 0x00, 0xd9, 0xff, 0xd6, 0xc0, 0xc0, 0xc0, 0xc0, 0x04, 0xda,
  0xff, 0xff, 0xff, 0xff, 0xff, 0xff, 0x06, 0xda, 0xff, 0x5a, 0x00, 0x00, 0x00, 0x00, 0x00, 0xda,
  0xff, 0x5a, 0x00, 0x00, 0x00, 0x00, 0x00, 0xda, 0xff, 0x5a, 0x00, 0x00, 0x00, 0x00, 0x00, 0xd9,
  0xff, 0xd6, 0xc0, 0xc0, 0xc0, 0xc0, 0x9c, 0xda, 0xff, 0xff, 0xff, 0xff, 0xff, 0xff, 0xd0, 0x35,
  0x40, 0x40, 0x40, 0x40, 0x40, 0x40, 0x36, 0xd6, 0xff, 0xff, 0xff, 0xff, 0xff, 0xff, 0xda, 0xd6,
  0xff, 0xaf, 0x80, 0x80, 0x80, 0x80, 0x6d, 0xd6, 0xff, 0x5e, 0x00, 0x00, 0x00, 0x00, 0x00, 0xd6,
  0xff, 0x5e, 0x00, 0x00, 0x00, 0x00, 0x00, 0xd6, 0xff, 0xaf, 0x80, 0x80, 0x80, 0x80, 0x1f, 0xd6,
  0xff, 0xff, 0xff, 0xff, 0xff, 0xff, 0x3e, 0xd5, 0xff, 0x86, 0x40, 0x40, 0x40, 0x40, 0x0f, 0xd6,
  0xff, 0x5e, 0x00, 0x00, 0x00, 0x00, 0x00, 0xd6, 0xff, 0x5e, 0x00, 0x00, 0x00, 0x00, 0x00, 0xd6,
  0xff, 0x5e, 0x00, 0x00, 0x00, 0x00, 0x00, 0xd6, 0xff, 0x5e, 0x00, 0x00, 0x00, 0x00, 0x00, 0x00,
  0x00, 0x00, 0x2b, 0x71, 0x66, 0x37, 0x00, 0x00, 0x00, 0x11, 0xad, 0xff, 0xff, 0xff, 0xff, 0xaa,
  0x02, 0x00, 0x9c, 0xff, 0xd9, 0x4a, 0x4b, 0xe8, 0xff, 0x6b, 0x0f, 0xfc, 0xff, 0x32, 0x00, 0x00,
  0x6a, 0xff, 0xb9, 0x3f, 0xff, 0xf5, 0x00, 0x00, 0x00, 0x00, 0x00, 0x00, 0x51, 0xff, 0xe4, 0x00,
  0x00, 0x00, 0x00, 0x00, 0x00, 0x51, 0xff, 0xe4, 0x00, 0x2d, 0xc0, 0xc0, 0xc0, 0xa0, 0x4a, 0xff,
  0xe8, 0x00, 0x2d, 0xc0, 0xd6, 0xff, 0xd5, 0x31, 0xff, 0xfd, 0x0a, 0x00, 0x00, 0x5a, 0xff, 0xd5,
  0x04, 0xec, 0xff, 0x6b, 0x00, 0x00, 0x5c, 0xff, 0xd4, 0x00, 0x6a, 0xff, 0xf4, 0xac, 0xae, 0xf5,
  0xff, 0xcd, 0x00, 0x00, 0x76, 0xe0, 0xff, 0xff, 0xff, 0xae, 0x1f, 0x00, 0x00, 0x00, 0x01, 0x2d,
  0x25, 0x01, 0x00, 0x00, 0x02, 0x40, 0x40, 0x09, 0x00, 0x00, 0x29, 0x40, 0x22, 0x0a, 0xff, 0xff,
  0x24, 0x00, 0x00, 0xa4, 0xff, 0x88, 0x0a, 0xff, 0xff, 0x24, 0x00, 0x00, 0xa4, 0xff, 0x88, 0x0a,
  0xff, 0xff, 0x24, 0x00, 0x00, 0xa4, 0xff, 0x88, 0x0a, 0xff, 0xff, 0x24, 0x00, 0x00, 0xa4, 0xff,
  0x88, 0x09, 0xff, 0xff, 0xc9, 0xc0, 0xc0, 0xe9, 0xff, 0x88, 0x0a, 0xff, 0xff, 0xff, 0xff, 0xff,
  0xff, 0xff, 0x88, 0x0a, 0xff, 0xff, 0x24, 0x00, 0x00, 0xa4, 0xff, 0x88, 0x0a, 0xff, 0xff, 0x24,
  0x00, 0x00, 0xa4, 0xff, 0x88, 0x0a, 0xff, 0xff, 0x24, 0x00, 0x00, 0xa4, 0xff, 0x88, 0x0a, 0xff,
  0xff, 0x24, 0x00, 0x00, 0xa4, 0xff, 0x88, 0x0a, 0xff, 0xff, 0x24, 0x00, 0x00, 0xa4, 0xff, 0x88,
  0x1f, 0x40, 0x40, 0x40, 0x40, 0x40, 0x40, 0x05, 0x7e, 0xff, 0xff, 0xff, 0xff, 0xff, 0xff, 0x16,
  0x3f, 0x80, 0xaa, 0xff, 0xef, 0x80, 0x80, 0x0b, 0x00, 0x00, 0x54, 0xff, 0xde, 0x00, 0x00, 0x00,
  0x00, 0x00, 0x54, 0xff, 0xde, 0x00, 0x00, 0x00, 0x00, 0x00, 0x54, 0xff, 0xde, 0x00, 0x00, 0x00,
  0x00, 0x00, 0x54, 0xff, 0xde, 0x00, 0x00, 0x00, 0x00, 0x00, 0x54, 0xff, 0xde, 0x00, 0x00, 0x00,
  0x00, 0x00, 0x54, 0xff, 0xde, 0x00, 0x00, 0x00, 0x00, 0x00, 0x54, 0xff, 0xde, 0x00, 0x00, 0x00,
  0x5e, 0xc0, 0xd5, 0xff, 0xf7, 0xc0, 0xc0, 0x10, 0x7e, 0xff, 0xff, 0xff, 0xff, 0xff, 0xff, 0x16,
  0x00, 0x00, 0x00, 0x00, 0x00, 0x00, 0x27, 0x40, 0x25, 0x00, 0x00, 0x00, 0x00, 0x00, 0x00, 0x9c,
  0xff, 0x96, 0x00, 0x00, 0x00, 0x00, 0x00, 0x00, 0x9c, 0xff, 0x96, 0x00, 0x00, 0x00, 0x00, 0x00,
  0x00, 0x9c, 0xff, 0x96, 0x00, 0x00, 0x00, 0x00, 0x00, 0x00, 0x9c, 0xff, 0x96, 0x00, 0x00, 0x00,
  0x00, 0x00, 0x00, 0x9c, 0xff, 0x96, 0x00, 0x00, 0x00, 0x00, 0x00, 0x00, 0x9c, 0xff, 0x96, 0x00,
  0x00, 0x00, 0x00, 0x00, 0x00, 0x9c, 0xff, 0x96, 0x07, 0x40, 0x40, 0x04, 0x00, 0x00, 0x9d, 0xff,
  0x93, 0x0c, 0xfd, 0xff, 0x38, 0x00, 0x0c, 0xde, 0xff, 0x6a, 0x00, 0xa7, 0xff, 0xe0, 0x95, 0xd7,
  0xff, 0xe2, 0x0d, 0x00, 0x0b, 0xb3, 0xff, 0xff, 0xff, 0xe3, 0x36, 0x00, 0x00, 0x00, 0x00, 0x1f,
  0x40, 0x36, 0x01, 0x00, 0x00, 0x3f, 0x40, 0x0d, 0x00, 0x00, 0x04, 0x40, 0x40, 0x26, 0xfe, 0xff,
  0x36, 0x00, 0x00, 0x8b, 0xff, 0xf5, 0x29, 0xfe, 0xff, 0x36, 0x00, 0x43, 0xff, 0xff, 0x54, 0x00,
  0xfe, 0xff, 0x36, 0x18, 0xeb, 0xff, 0x97, 0x00, 0x00, 0xfe, 0xff, 0x39, 0xc2, 0xff, 0xcd, 0x05,
  0x00, 0x00, 0xfc, 0xff, 0xc1, 0xff, 0xfb, 0x1f, 0x00, 0x00, 0x00, 0xfe, 0xff, 0xff, 0xff, 0xff,
  0x57, 0x00, 0x00, 0x00, 0xfd, 0xff, 0xfb, 0x9e, 0xff, 0xe8, 0x0f, 0x00, 0x00, 0xfd, 0xff, 0x6e,
  0x03, 0xd3, 0xff, 0x9c, 0x00, 0x00, 0xfe, 0xff, 0x36, 0x00, 0x3c, 0xff, 0xff, 0x3f, 0x00, 0xfe,
  0xff, 0x36, 0x00, 0x00, 0xa9, 0xff, 0xde, 0x07, 0xfe, 0xff, 0x36, 0x00, 0x00, 0x19, 0xf5, 0xff,
  0x84, 0x35, 0x40, 0x18, 0x00, 0x00, 0x00, 0x00, 0x00, 0xd4, 0xff, 0x60, 0x00, 0x00, 0x00, 0x00,
  0x00, 0xd4, 0xff, 0x60, 0x00, 0x00, 0x00, 0x00, 0x00, 0xd4, 0xff, 0x60, 0x00, 0x00, 0x00, 0x00,
  0x00, 0xd4, 0xff, 0x60, 0x00, 0x00, 0x00, 0x00, 0x00, 0xd4, 0xff, 0x60, 0x00, 0x00, 0x00, 0x00,
  0x00, 0xd4, 0xff, 0x60, 0x00, 0x00, 0x00, 0x00, 0x00, 0xd4, 0xff, 0x60, 0x00, 0x00, 0x00, 0x00,
  0x00, 0xd4, 0xff, 0x60, 0x00, 0x00, 0x00, 0x00, 0x00, 0xd4, 0xff, 0x60, 0x00, 0x00, 0x00, 0x00,
  0x00, 0xd4, 0xff, 0xd8, 0xc0, 0xc0, 0xc0, 0xc0, 0x87, 0xd4, 0xff, 0xff, 0xff, 0xff, 0xff, 0xff,
  0xb4, 0x00, 0x40, 0x40, 0x30, 0x00, 0x00, 0x40, 0x40, 0x30, 0x02, 0xff, 0xff, 0xee, 0x00, 0x31,
  0xff, 0xff, 0xc0, 0x02, 0xff, 0xff, 0xff, 0x29, 0x7c, 0xff, 0xff, 0xc0, 0x01, 0xff, 0xf6, 0xff,
  0x69, 0xc5, 0xea, 0xff, 0xc0, 0x00, 0xff, 0xed, 0xcc, 0xba, 0xfd, 0xa1, 0xff, 0xc0, 0x01, 0xff,
  0xf2, 0x85, 0xff, 0xff, 0x5a, 0xff, 0xbf, 0x01, 0xff, 0xf6, 0x3f, 0xff, 0xde, 0x39, 0xff, 0xbf,
  0x01, 0xff, 0xfb, 0x04, 0xf4, 0x8d, 0x3e, 0xff, 0xc0, 0x01, 0xff, 0xff, 0x00, 0x32, 0x17, 0x42,
  0xff, 0xc0, 0x02, 0xff, 0xff, 0x02, 0x00, 0x00, 0x44, 0xff, 0xc0, 0x02, 0xff, 0xff, 0x02, 0x00,
  0x00, 0x44, 0xff, 0xc0, 0x02, 0xff, 0xff, 0x02, 0x00, 0x00, 0x44, 0xff, 0xc0, 0x02, 0x40, 0x40,
  0x0e, 0x00, 0x00, 0x2b, 0x40, 0x21, 0x0a, 0xff, 0xff, 0x7f, 0x00, 0x00, 0xae, 0xff, 0x86, 0x0a,
  0xff, 0xff, 0xe8, 0x04, 0x00, 0xae, 0xff, 0x86, 0x0a, 0xff, 0xff, 0xff, 0x5c, 0x00, 0xaf, 0xff,
  0x86, 0x09, 0xff, 0xff, 0xfc, 0xcb, 0x00, 0xaf, 0xff, 0x85, 0x09, 0xff, 0xff, 0xaa, 0xff, 0x39,
  0xb0, 0xff, 0x86, 0x09, 0xff, 0xff, 0x42, 0xfb, 0xa8, 0xb1, 0xff, 0x86, 0x08, 0xff, 0xff, 0x2c,
  0x9e, 0xfb, 0xcb, 0xff, 0x84, 0x09, 0xff, 0xff, 0x2b, 0x30, 0xff, 0xff, 0xff, 0x86, 0x0a, 0xff,
  0xff, 0x2c, 0x00, 0xc2, 0xff, 0xff, 0x86, 0x0a, 0xff, 0xff, 0x2c, 0x00, 0x53, 0xff, 0xff, 0x86,
  0x0a, 0xff, 0xff, 0x2c, 0x00, 0x02, 0xe3, 0xff, 0x86, 0x00, 0x00, 0x00, 0x36, 0x73, 0x55, 0x0d,
  0x00, 0x00, 0x00, 0x24, 0xec, 0xff, 0xff, 0xff, 0xff, 0x90, 0x00, 0x00, 0xba, 0xff, 0xbe, 0x44,
  0x82, 0xfb, 0xff, 0x3d, 0x24, 0xff, 0xff, 0x25, 0x00, 0x00, 0xa1, 0xff, 0xad, 0x4f, 0xff, 0xe8,
  0x00, 0x00, 0x00, 0x59, 0xff, 0xdf, 0x5f, 0xff, 0xda, 0x00, 0x00, 0x00, 0x45, 0xff, 0xf2, 0x60,
  0xff, 0xda, 0x00, 0x00, 0x00, 0x44, 0xff, 0xf6, 0x5e, 0xff, 0xda, 0x00, 0x00, 0x00, 0x47, 0xff,
  0xf1, 0x3f, 0xff, 0xf2, 0x00, 0x00, 0x00, 0x62, 0xff, 0xd1, 0x08, 0xf6, 0xff, 0x44, 0x00, 0x03,
  0xc1, 0xff, 0x87, 0x00, 0x7d, 0xff, 0xf0, 0xc0, 0xd3, 0xff, 0xe5, 0x10, 0x00, 0x02, 0x80, 0xf1,
  0xff, 0xff, 0xb3, 0x26, 0x00, 0x00, 0x00, 0x00, 0x0b, 0x3f, 0x12, 0x00, 0x00, 0x00, 0x35, 0x40,
  0x40, 0x40, 0x32, 0x08, 0x00, 0x00, 0x00, 0xd5, 0xff, 0xff, 0xff, 0xff, 0xfe, 0xa7, 0x08, 0x00,
  0xd4, 0xff, 0xae, 0x80, 0x81, 0xea, 0xff, 0x9d, 0x00, 0xd4, 0xff, 0x5c, 0x00, 0x00, 0x43, 0xff,
  0xfb, 0x06, 0xd5, 0xff, 0x5c, 0x00, 0x00, 0x25, 0xff, 0xff, 0x12, 0xd4, 0xff, 0x5c, 0x00, 0x01,
  0x99, 0xff, 0xdf, 0x00, 0xd5, 0xff, 0xff, 0xff, 0xff, 0xff, 0xf8, 0x41, 0x00, 0xd4, 0xff, 0xd7,
  0xc0, 0xc0, 0x92, 0x2b, 0x00, 0x00, 0xd6, 0xff, 0x5c, 0x00, 0x00, 0x00, 0x00, 0x00, 0x00, 0xd6,
  0xff, 0x5c, 0x00, 0x00, 0x00, 0x00, 0x00, 0x00, 0xd6, 0xff, 0x5c, 0x00, 0x00, 0x00, 0x00, 0x00,
  0x00, 0xd6, 0xff, 0x5c, 0x00, 0x00, 0x00, 0x00, 0x00, 0x00, 0x00, 0x00, 0x00, 0x36, 0x71, 0x5c,
  0x14, 0x00, 0x00, 0x00, 0x00, 0x09, 0xae, 0xff, 0xff, 0xff, 0xf7, 0x63, 0x00, 0x00, 0x00, 0xaa,
  0xff, 0xdf, 0x61, 0x8e, 0xfe, 0xff, 0x5a, 0x00, 0x0f, 0xfa, 0xff, 0x2b, 0x00, 0x00, 0x8a, 0xff,
  0xbe, 0x00, 0x45, 0xff, 0xf1, 0x00, 0x00, 0x00, 0x42, 0xff, 0xf7, 0x00, 0x55, 0xff, 0xe2, 0x00,
  0x00, 0x00, 0x34, 0xff, 0xff, 0x05, 0x56, 0xff, 0xe4, 0x00, 0x00, 0x00, 0x32, 0xff, 0xff, 0x08,
  0x54, 0xff, 0xe4, 0x00, 0x00, 0x00, 0x34, 0xff, 0xff, 0x05, 0x39, 0xff, 0xf7, 0x02, 0x00, 0x00,
  0x56, 0xff, 0xec, 0x00, 0x04, 0xe7, 0xff, 0x50, 0x00, 0x01, 0xb7, 0xff, 0xa6, 0x00, 0x00, 0x76,
  0xff, 0xf5, 0xc0, 0xcf, 0xff, 0xef, 0x23, 0x00, 0x00, 0x04, 0x82, 0xf2, 0xff, 0xff, 0xff, 0xef,
  0x37, 0x00, 0x00, 0x00, 0x00, 0x0b, 0x3e, 0x06, 0x87, 0xff, 0xf5, 0x30, 0x00, 0x00, 0x00, 0x00,
  0x00, 0x00, 0x00, 0x6c, 0xa4, 0x05, 0x00, 0x00, 0x00, 0x00, 0x00, 0x00, 0x00, 0x00, 0x00, 0x00,
  0x3e, 0x40, 0x40, 0x40, 0x40, 0x38, 0x02, 0x00, 0x00, 0xfa, 0xff, 0xff, 0xff, 0xff, 0xff, 0xc5,
  0x0d, 0x00, 0xf9, 0xff, 0x9c, 0x80, 0x8d, 0xe9, 0xff, 0xa2, 0x00, 0xf8, 0xff, 0x38, 0x00, 0x00,
  0x5b, 0xff, 0xea, 0x00, 0xf9, 0xff, 0x38, 0x00, 0x00, 0x43, 0xff, 0xed, 0x00, 0xf8, 0xff, 0x38,
  0x00, 0x30, 0xad, 0xff, 0xb6, 0x00, 0xf9, 0xff, 0xff, 0xff, 0xff, 0xff, 0xdc, 0x12, 0x00, 0xf9,
  0xff, 0xce, 0xc2, 0xff, 0xff, 0x1e, 0x00, 0x00, 0xfa, 0xff, 0x38, 0x00, 0xbd, 0xff, 0x92, 0x00,
  0x00, 0xfa, 0xff, 0x38, 0x00, 0x37, 0xff, 0xf9, 0x18, 0x00, 0xfa, 0xff, 0x38, 0x00, 0x00, 0xbb,
  0xff, 0x98, 0x00, 0xfa, 0xff, 0x38, 0x00, 0x00, 0x37, 0xff, 0xfc, 0x1d, 0x00, 0x00, 0x02, 0x3d,
  0x6a, 0x72, 0x42, 0x05, 0x00, 0x00, 0x00, 0x23, 0xdd, 0xff, 0xff, 0xff, 0xff, 0xd3, 0x17, 0x00,
  0x00, 0xbf, 0xff, 0xbb, 0x44, 0x41, 0xc7, 0xff, 0xb8, 0x00, 0x00, 0xef, 0xff, 0x36, 0x00, 0x00,
  0x26, 0xff, 0xfd, 0x06, 0x00, 0xce, 0xff, 0x95, 0x01, 0x00, 0x00, 0x00, 0x00, 0x00, 0x00, 0x41,
  0xfc, 0xff, 0xf3, 0x84, 0x39, 0x01, 0x00, 0x00, 0x00, 0x00, 0x37, 0x9f, 0xfa, 0xff, 0xff, 0xc9,
  0x16, 0x00, 0x00, 0x00, 0x00, 0x00, 0x1e, 0x7e, 0xea, 0xff, 0xa6, 0x00, 0x23, 0x80, 0x6f, 0x00,
  0x00, 0x00, 0x38, 0xff, 0xfc, 0x06, 0x20, 0xff, 0xfe, 0x34, 0x00, 0x00, 0x3c, 0xff, 0xfe, 0x09,
  0x00, 0x94, 0xff, 0xe9, 0xad, 0xa1, 0xec, 0xff, 0x97, 0x00, 0x00, 0x08, 0xa1, 0xfb, 0xff, 0xff,
  0xf9, 0x76, 0x04, 0x00, 0x00, 0x00, 0x00, 0x0b, 0x3f, 0x40, 0x12, 0x00, 0x00, 0x00, 0x32, 0x40,
  0x40, 0x40, 0x40, 0x40, 0x40, 0x40, 0x40, 0x18, 0xca, 0xff, 0xff, 0xff, 0xff, 0xff, 0xff, 0xff,
  0xff, 0x62, 0x65, 0x80, 0x80, 0xaa, 0xff, 0xf0, 0x80, 0x80, 0x80, 0x31, 0x00, 0x00, 0x00, 0x54,
  0xff, 0xe0, 0x00, 0x00, 0x00, 0x00, 0x00, 0x00, 0x00, 0x54, 0xff, 0xe0, 0x00, 0x00, 0x00, 0x00,
  0x00, 0x00, 0x00, 0x54, 0xff, 0xe0, 0x00, 0x00, 0x00, 0x00, 0x00, 0x00, 0x00, 0x54, 0xff, 0xe0,
  0x00, 0x00, 0x00, 0x00, 0x00, 0x00, 0x00, 0x54, 0xff, 0xe0, 0x00, 0x00, 0x00, 0x00, 0x00, 0x00,
  0x00, 0x54, 0xff, 0xe0, 0x00, 0x00, 0x00, 0x00, 0x00, 0x00, 0x00, 0x54, 0xff, 0xe0, 0x00, 0x00,
  0x00, 0x00, 0x00, 0x00, 0x00, 0x54, 0xff, 0xe0, 0x00, 0x00, 0x00, 0x00, 0x00, 0x00, 0x00, 0x54,
  0xff, 0xe0, 0x00, 0x00, 0x00, 0x00, 0x00, 0x40, 0x40, 0x0c, 0x00, 0x00, 0x25, 0x40, 0x26, 0x02,
  0xff, 0xff, 0x30, 0x00, 0x00, 0x94, 0xff, 0x9a, 0x02, 0xff, 0xff, 0x30, 0x00, 0x00, 0x94, 0xff,
  0x9a, 0x03, 0xff, 0xff, 0x30, 0x00, 0x00, 0x95, 0xff, 0x9a, 0x04, 0xff, 0xff, 0x30, 0x00, 0x00,
  0x96, 0xff, 0x9a, 0x04, 0xff, 0xff, 0x30, 0x00, 0x00, 0x96, 0xff, 0x9a, 0x05, 0xff, 0xff, 0x30,
  0x00, 0x00, 0x97, 0xff, 0x9a, 0x05, 0xff, 0xff, 0x30, 0x00, 0x00, 0x97, 0xff, 0x9a, 0x01, 0xfe,
  0xff, 0x36, 0x00, 0x00, 0x9c, 0xff, 0x94, 0x00, 0xd6, 0xff, 0x62, 0x00, 0x09, 0xcf, 0xff, 0x6c,
  0x00, 0x5b, 0xff, 0xee, 0x9d, 0xd2, 0xff, 0xe9, 0x0f, 0x00, 0x00, 0x6e, 0xfd, 0xff, 0xff, 0xdb,
  0x28, 0x00, 0x00, 0x00, 0x00, 0x1c, 0x40, 0x3b, 0x05, 0x00, 0x00, 0x2e, 0x40, 0x2c, 0x00, 0x00,
  0x00, 0x06, 0x40, 0x40, 0x14, 0x87, 0xff, 0xdc, 0x00, 0x00, 0x00, 0x43, 0xff, 0xff, 0x20, 0x39,
  0xff, 0xff, 0x1e, 0x00, 0x00, 0x87, 0xff, 0xd2, 0x00, 0x01, 0xec, 0xff, 0x64, 0x00, 0x00, 0xcc,
  0xff, 0x83, 0x00, 0x00, 0x9c, 0xff, 0xa8, 0x00, 0x10, 0xfe, 0xff, 0x35, 0x00, 0x00, 0x4e, 0xff,
  0xef, 0x00, 0x54, 0xff, 0xe5, 0x00, 0x00, 0x00, 0x06, 0xf9, 0xff, 0x2f, 0x99, 0xff, 0x98, 0x00,
  0x00, 0x00, 0x00, 0xb1, 0xff, 0x73, 0xe2, 0xff, 0x48, 0x00, 0x00, 0x00, 0x00, 0x62, 0xff, 0xd5,
  0xff, 0xf3, 0x06, 0x00, 0x00, 0x00, 0x00, 0x13, 0xfe, 0xff, 0xff, 0xac, 0x00, 0x00, 0x00, 0x00,
  0x00, 0x00, 0xc7, 0xff, 0xff, 0x5d, 0x00, 0x00, 0x00, 0x00, 0x00, 0x00, 0x79, 0xff, 0xfe, 0x0e,
  0x00, 0x00, 0x00, 0x31, 0x40, 0x0e, 0x01, 0x40, 0x25, 0x00, 0x26, 0x40, 0x1a, 0xb1, 0xff, 0x4d,
  0x1d, 0xff, 0xad, 0x00, 0xae, 0xff, 0x53, 0x8d, 0xff, 0x6b, 0x42, 0xff, 0xd4, 0x00, 0xce, 0xff,
  0x2f, 0x69, 0xff, 0x89, 0x67, 0xff, 0xf8, 0x00, 0xee, 0xff, 0x08, 0x45, 0xff, 0xa8, 0x8c, 0xff,
  0xff, 0x2a, 0xff, 0xe6, 0x00, 0x22, 0xff, 0xc6, 0xb2, 0xe6, 0xff, 0x75, 0xff, 0xc2, 0x00, 0x03,
  0xfc, 0xe5, 0xd6, 0x98, 0xfc, 0xbc, 0xff, 0x9e, 0x00, 0x00, 0xdb, 0xfe, 0xf8, 0x6e, 0xd8, 0xf8,
  0xff, 0x7b, 0x00, 0x00, 0xb7, 0xff, 0xff, 0x47, 0xb1, 0xff, 0xff, 0x57, 0x00, 0x00, 0x94, 0xff,
  0xff, 0x21, 0x88, 0xff, 0xff, 0x33, 0x00, 0x00, 0x71, 0xff, 0xf8, 0x00, 0x60, 0xff, 0xff, 0x0e,
  0x00, 0x00, 0x4d, 0xff, 0xd3, 0x00, 0x38, 0xff, 0xeb, 0x00, 0x00, 0x26, 0x40, 0x3e, 0x00, 0x00,
  0x00, 0x0a, 0x40, 0x40, 0x19, 0x3e, 0xff, 0xff, 0x41, 0x00, 0x00, 0x7b, 0xff, 0xf2, 0x15, 0x00,
  0xaa, 0xff, 0xc0, 0x00, 0x0c, 0xf0, 0xff, 0x75, 0x00, 0x00, 0x1e, 0xf8, 0xff, 0x38, 0x7f, 0xff,
  0xdc, 0x05, 0x00, 0x00, 0x00, 0x80, 0xff, 0xc5, 0xf2, 0xff, 0x49, 0x00, 0x00, 0x00, 0x00, 0x07,
  0xe6, 0xff, 0xff, 0xbb, 0x00, 0x00, 0x00, 0x00, 0x00, 0x00, 0xa9, 0xff, 0xff, 0x73, 0x00, 0x00,
  0x00, 0x00, 0x00, 0x33, 0xff, 0xf8, 0xff, 0xee, 0x0f, 0x00, 0x00, 0x00, 0x00, 0xc7, 0xff, 0x89,
  0xba, 0xff, 0x8e, 0x00, 0x00, 0x00, 0x56, 0xff, 0xf6, 0x14, 0x39, 0xff, 0xfa, 0x24, 0x00, 0x07,
  0xe0, 0xff, 0x8f, 0x00, 0x00, 0xbf, 0xff, 0xb2, 0x00, 0x7a, 0xff, 0xf9, 0x19, 0x00, 0x00, 0x42,
  0xff, 0xff, 0x3f, 0x2b, 0x40, 0x2e, 0x00, 0x00, 0x00, 0x00, 0x3a, 0x40, 0x20, 0x60, 0xff, 0xf2,
  0x0d, 0x00, 0x00, 0x2e, 0xff, 0xff, 0x31, 0x04, 0xe1, 0xff, 0x72, 0x00, 0x00, 0xa3, 0xff, 0xb2,
  0x00, 0x00, 0x68, 0xff, 0xe4, 0x02, 0x1b, 0xfb, 0xff, 0x31, 0x00, 0x00, 0x06, 0xe6, 0xff, 0x55,
  0x89, 0xff, 0xb6, 0x00, 0x00, 0x00, 0x00, 0x6e, 0xff, 0xcc, 0xef, 0xff, 0x36, 0x00, 0x00, 0x00,
  0x00, 0x09, 0xeb, 0xff, 0xff, 0xb9, 0x00, 0x00, 0x00, 0x00, 0x00, 0x00, 0x78, 0xff, 0xff, 0x38,
  0x00, 0x00, 0x00, 0x00, 0x00, 0x00, 0x38, 0xff, 0xfb, 0x00, 0x00, 0x00, 0x00, 0x00, 0x00, 0x00,
  0x38, 0xff, 0xfa, 0x00, 0x00, 0x00, 0x00, 0x00, 0x00, 0x00, 0x38, 0xff, 0xf9, 0x00, 0x00, 0x00,
  0x00, 0x00, 0x00, 0x00, 0x38, 0xff, 0xf8, 0x00, 0x00, 0x00, 0x00, 0x12, 0x40, 0x40, 0x40, 0x40,
  0x40, 0x40, 0x40, 0x37, 0x00, 0x4a, 0xff, 0xff, 0xff, 0xff, 0xff, 0xff, 0xff, 0xde, 0x00, 0x25,
  0x80, 0x80, 0x80, 0x80, 0x81, 0xfa, 0xff, 0x89, 0x00, 0x00, 0x00, 0x00, 0x00, 0x00, 0x75, 0xff,
  0xdc, 0x06, 0x00, 0x00, 0x00, 0x00, 0x00, 0x23, 0xf9, 0xfd, 0x35, 0x00, 0x00, 0x00, 0x00, 0x00,
  0x02, 0xca, 0xff, 0x89, 0x00, 0x00, 0x00, 0x00, 0x00, 0x00, 0x76, 0xff, 0xdc, 0x06, 0x00, 0x00,
  0x00, 0x00, 0x00, 0x23, 0xf9, 0xfd, 0x35, 0x00, 0x00, 0x00, 0x00, 0x00, 0x02, 0xca, 0xff, 0x87,
  0x00, 0x00, 0x00, 0x00, 0x00, 0x00, 0x77, 0xff, 0xd6, 0x06, 0x00, 0x00, 0x00, 0x00, 0x00, 0x21,
  0xf8, 0xff, 0xdc, 0xc0, 0xc0, 0xc0, 0xc0, 0xc0, 0x01, 0x4e, 0xff, 0xff, 0xff, 0xff, 0xff, 0xff,
  0xff, 0xff, 0x02, 0x38, 0x40, 0x40, 0x27, 0xe0, 0xff, 0xff, 0x9e, 0xe0, 0xff, 0xa5, 0x4f, 0xe0,
  0xff, 0x4a, 0x00, 0xe0, 0xff, 0x4a, 0x00, 0xe0, 0xff, 0x4a, 0x00, 0xe0, 0xff, 0x4a, 0x00, 0xe0,
  0xff, 0x4a, 0x00, 0xe0, 0xff, 0x4a, 0x00, 0xe0, 0xff, 0x4a, 0x00, 0xe0, 0xff, 0x4a, 0x00, 0xe0,
  0xff, 0x4a, 0x00, 0xe0, 0xff, 0x4a, 0x00, 0xe0, 0xff, 0x4a, 0x00, 0xe0, 0xff, 0x4a, 0x00, 0xe0,
  0xff, 0xff, 0x9e, 0x70, 0x80, 0x80, 0x4f, 0x06, 0x40, 0x3e, 0x00, 0x00, 0x00, 0x00, 0x00, 0x01,
  0xdc, 0xff, 0x28, 0x00, 0x00, 0x00, 0x00, 0x00, 0x88, 0xff, 0x80, 0x00, 0x00, 0x00, 0x00, 0x00,
  0x30, 0xff, 0xdc, 0x01, 0x00, 0x00, 0x00, 0x00, 0x00, 0xd0, 0xff, 0x38, 0x00, 0x00, 0x00, 0x00,
  0x00, 0x78, 0xff, 0x90, 0x00, 0x00, 0x00, 0x00, 0x00, 0x23, 0xfe, 0xe8, 0x01, 0x00, 0x00, 0x00,
  0x00, 0x00, 0xc8, 0xff, 0x40, 0x00, 0x00, 0x00, 0x00, 0x00, 0x70, 0xff, 0x98, 0x00, 0x00, 0x00,
  0x00, 0x00, 0x17, 0xfe, 0xe8, 0x05, 0x00, 0x00, 0x00, 0x00, 0x00, 0xc0, 0xff, 0x48, 0x00, 0x00,
  0x00, 0x00, 0x00, 0x68, 0xff, 0xa0, 0x00, 0x00, 0x00, 0x00, 0x00, 0x17, 0xfa, 0xf3, 0x05, 0x38,
  0x40, 0x40, 0x28, 0xe0, 0xff, 0xff, 0xa0, 0x70, 0xc5, 0xff, 0xa0, 0x00, 0x8a, 0xff, 0xa0, 0x00,
  0x8a, 0xff, 0xa0, 0x00, 0x8a, 0xff, 0xa0, 0x00, 0x8a, 0xff, 0xa0, 0x00, 0x8a, 0xff, 0xa0, 0x00,
  0x8a, 0xff, 0xa0, 0x00, 0x8a, 0xff, 0xa0, 0x00, 0x8a, 0xff, 0xa0, 0x00, 0x8a, 0xff, 0xa0, 0x00,
  0x8a, 0xff, 0xa0, 0x00, 0x8a, 0xff, 0xa0, 0x00, 0x8a, 0xff, 0xa0, 0xe0, 0xff, 0xff, 0xa0, 0x70,
  0x80, 0x80, 0x50, 0x00, 0x00, 0x00, 0x39, 0x31, 0x00, 0x00, 0x00, 0x00, 0x00, 0x23, 0xff, 0xf8,
  0x0e, 0x00, 0x00, 0x00, 0x00, 0x91, 0xed, 0xff, 0x72, 0x00, 0x00, 0x00, 0x0a, 0xf1, 0x94, 0xb9,
  0xe1, 0x01, 0x00, 0x00, 0x67, 0xff, 0x38, 0x5b, 0xff, 0x47, 0x00, 0x00, 0xd5, 0xdd, 0x00, 0x08,
  0xf3, 0xb1, 0x00, 0x23, 0xc0, 0x67, 0x00, 0x00, 0x7f, 0xbe, 0x0d, 0xd7, 0xff, 0xff, 0xff, 0xff,
  0xff, 0xff, 0x47, 0x95, 0xb1, 0xb1, 0xb1, 0xb1, 0xb1, 0xb1, 0x31, 0x48, 0x80, 0x64, 0x00, 0x0d,
  0xd4, 0xff, 0x34, 0x00, 0x1a, 0xb7, 0x8f, 0x00, 0x00, 0x31, 0x80, 0x80, 0x80, 0x4c, 0x00, 0x00,
  0x00, 0x37, 0xf7, 0xff, 0xff, 0xff, 0xff, 0x6e, 0x00, 0x00, 0xd4, 0xff, 0x76, 0x00, 0x53, 0xff,
  0xff, 0x22, 0x00, 0x00, 0x00, 0x09, 0x35, 0x40, 0xf2, 0xff, 0x3e, 0x00, 0x20, 0xb9, 0xff, 0xff,
  0xff, 0xff, 0xff, 0x40, 0x00, 0xcc, 0xff, 0x9e, 0x40, 0x40, 0xf1, 0xff, 0x40, 0x13, 0xff, 0xff,
  0x19, 0x00, 0x07, 0xf5, 0xff, 0x40, 0x04, 0xef, 0xff, 0xb1, 0x80, 0xc8, 0xff, 0xff, 0x46, 0x00,
  0x4d, 0xe5, 0xff, 0xff, 0xbe, 0xd8, 0xff, 0x76, 0x00, 0x00, 0x05, 0x3e, 0x0e, 0x00, 0x00, 0x00,
  0x00, 0xda, 0xff, 0x52, 0x00, 0x00, 0x00, 0x00, 0x00, 0xda, 0xff, 0x52, 0x00, 0x00, 0x00, 0x00,
  0x00, 0xda, 0xff, 0x52, 0x00, 0x00, 0x00, 0x00, 0x00, 0xd9, 0xff, 0x5a, 0x69, 0x80, 0x66, 0x03,
  0x00, 0xd8, 0xff, 0xf0, 0xff, 0xff, 0xff, 0xb5, 0x04, 0xd8, 0xff, 0xbf, 0x42, 0x61, 0xf9, 0xff,
  0x5c, 0xd8, 0xff, 0x50, 0x00, 0x00, 0x9e, 0xff, 0x9a, 0xd9, 0xff, 0x51, 0x00, 0x00, 0x76, 0xff,
  0xb1, 0xd8, 0xff, 0x50, 0x00, 0x00, 0x7f, 0xff, 0xa8, 0xd8, 0xff, 0x65, 0x00, 0x00, 0xbf, 0xff,
  0x82, 0xd9, 0xff, 0xfd, 0xa4, 0xbd, 0xff, 0xfe, 0x28, 0xd8, 0xff, 0x98, 0xff, 0xff, 0xff, 0x7b,
  0x00, 0x00, 0x00, 0x00, 0x07, 0x31, 0x05, 0x00, 0x00, 0x00, 0x00, 0x03, 0x4a, 0x75, 0x64, 0x28,
  0x00, 0x00, 0x00, 0x0a, 0xc2, 0xff, 0xff, 0xff, 0xff, 0xa0, 0x00, 0x00, 0x85, 0xff, 0xbc, 0x40,
  0x58, 0xed, 0xff, 0x3d, 0x02, 0xf2, 0xff, 0x44, 0x00, 0x00, 0x75, 0xc0, 0x4f, 0x11, 0xff, 0xff,
  0x17, 0x00, 0x00, 0x00, 0x00, 0x00, 0x0a, 0xff, 0xff, 0x20, 0x00, 0x00, 0x00, 0x00, 0x00, 0x00,
  0xce, 0xff, 0x5f, 0x00, 0x00, 0xac, 0xff, 0x64, 0x00, 0x5c, 0xff, 0xf4, 0x8a, 0xc1, 0xff, 0xea,
  0x14, 0x00, 0x00, 0x72, 0xdb, 0xff, 0xff, 0xc6, 0x29, 0x00, 0x00, 0x00, 0x00, 0x00, 0x28, 0x39,
  0x02, 0x00, 0x00, 0x00, 0x00, 0x00, 0x00, 0x00, 0x00, 0xbe, 0xff, 0x70, 0x00, 0x00, 0x00, 0x00,
  0x00, 0x00, 0xbe, 0xff, 0x70, 0x00, 0x00, 0x00, 0x00, 0x00, 0x00, 0xbe, 0xff, 0x70, 0x00, 0x00,
  0x16, 0x61, 0x72, 0x28, 0xbd, 0xff, 0x70, 0x00, 0x34, 0xe7, 0xff, 0xff, 0xff, 0xf3, 0xff, 0x70,
  0x00, 0xb7, 0xff, 0xba, 0x42, 0x7d, 0xf8, 0xff, 0x70, 0x07, 0xfc, 0xff, 0x3f, 0x00, 0x00, 0xbd,
  0xff, 0x70, 0x1d, 0xff, 0xff, 0x0f, 0x00, 0x00, 0xbd, 0xff, 0x70, 0x19, 0xff, 0xff, 0x17, 0x00,
  0x00, 0xbd, 0xff, 0x70, 0x01, 0xe3, 0xff, 0x5a, 0x00, 0x00, 0xce, 0xff, 0x70, 0x00, 0x7e, 0xff,
  0xf3, 0x87, 0xad, 0xff, 0xff, 0x70, 0x00, 0x06, 0x9a, 0xf9, 0xff, 0xd6, 0xa4, 0xff, 0x70, 0x00,
  0x00, 0x00, 0x0c, 0x3f, 0x08, 0x00, 0x00, 0x00, 0x00, 0x00, 0x00, 0x3e, 0x72, 0x6b, 0x3e, 0x02,
  0x00, 0x00, 0x0e, 0xb7, 0xff, 0xff, 0xff, 0xff, 0xbd, 0x07, 0x00, 0x93, 0xff, 0xdf, 0x46, 0x4b,
  0xe8, 0xff, 0x6d, 0x04, 0xf3, 0xff, 0x43, 0x00, 0x00, 0x63, 0xff, 0xb5, 0x1b, 0xff, 0xff, 0xff,
  0xff, 0xff, 0xff, 0xff, 0xcc, 0x13, 0xff, 0xff, 0x92, 0x80, 0x80, 0x80, 0x80, 0x68, 0x00, 0xe0,
  0xff, 0x85, 0x00, 0x00, 0x00, 0x3f, 0x01, 0x00, 0x60, 0xff, 0xfe, 0xb8, 0x83, 0xba, 0xff, 0x5c,
  0x00, 0x00, 0x53, 0xc5, 0xfe, 0xff, 0xf3, 0x8c, 0x01, 0x00, 0x00, 0x00, 0x00, 0x10, 0x2e, 0x03,
  0x00, 0x00, 0x00, 0x00, 0x00, 0x00, 0x02, 0x39, 0x40, 0x40, 0x32, 0x00, 0x00, 0x00, 0x00, 0x05,
  0xbb, 0xff, 0xff, 0xff, 0xf8, 0x00, 0x00, 0x00, 0x00, 0x7c, 0xff, 0xfb, 0x8e, 0x80, 0x73, 0x00,
  0x00, 0x00, 0x00, 0xbe, 0xff, 0x82, 0x00, 0x00, 0x00, 0x00, 0x02, 0x80, 0x80, 0xe6, 0xff, 0xb1,
  0x80, 0x80, 0x37, 0x00, 0x04, 0xff, 0xff, 0xff, 0xff, 0xff, 0xff, 0xff, 0x6e, 0x00, 0x01, 0x40,
  0x40, 0xd9, 0xff, 0x89, 0x40, 0x40, 0x1b, 0x00, 0x00, 0x00, 0x00, 0xcc, 0xff, 0x62, 0x00, 0x00,
  0x00, 0x00, 0x00, 0x00, 0x00, 0xcc, 0xff, 0x62, 0x00, 0x00, 0x00, 0x00, 0x00, 0x00, 0x00, 0xcc,
  0xff, 0x62, 0x00, 0x00, 0x00, 0x00, 0x00, 0x00, 0x00, 0xcc, 0xff, 0x62, 0x00, 0x00, 0x00, 0x00,
  0x00, 0x00, 0x00, 0xcc, 0xff, 0x62, 0x00, 0x00, 0x00, 0x00, 0x00, 0x00, 0x00, 0xcc, 0xff, 0x62,
  0x00, 0x00, 0x00, 0x00, 0x00, 0x00, 0x11, 0x5c, 0x7e, 0x50, 0x3a, 0x80, 0x46, 0x00, 0x2c, 0xdf,
  0xff, 0xff, 0xff, 0xef, 0xff, 0x8d, 0x00, 0xaf, 0xff, 0xca, 0x40, 0x46, 0xe1, 0xff, 0x8c, 0x06,
  0xfc, 0xff, 0x4c, 0x00, 0x00, 0xa0, 0xff, 0x8d, 0x1a, 0xff, 0xff, 0x13, 0x00, 0x00, 0xa0, 0xff,
  0x8d, 0x16, 0xff, 0xff, 0x1c, 0x00, 0x00, 0xa0, 0xff, 0x8d, 0x01, 0xdf, 0xff, 0x67, 0x00, 0x00,
  0xb0, 0xff, 0x8c, 0x00, 0x76, 0xff, 0xfa, 0x8f, 0xb9, 0xff, 0xff, 0x8d, 0x00, 0x04, 0x90, 0xf3,
  0xff, 0xdf, 0xca, 0xff, 0x8b, 0x00, 0x00, 0x0d, 0x07, 0x2b, 0x01, 0xc9, 0xff, 0x72, 0x00, 0x3d,
  0xfa, 0x8c, 0x54, 0xb0, 0xff, 0xf3, 0x1d, 0x00, 0x25, 0xc6, 0xff, 0xff, 0xff, 0xff, 0x5e, 0x00,
  0x00, 0x00, 0x01, 0x3b, 0x40, 0x32, 0x00, 0x00, 0x00, 0xe6, 0xff, 0x46, 0x00, 0x00, 0x00, 0x00,
  0x00, 0xe6, 0xff, 0x46, 0x00, 0x00, 0x00, 0x00, 0x00, 0xe6, 0xff, 0x46, 0x00, 0x00, 0x00, 0x00,
  0x00, 0xe5, 0xff, 0x45, 0x4a, 0x80, 0x80, 0x28, 0x00, 0xe4, 0xff, 0xbc, 0xff, 0xff, 0xff, 0xe8,
  0x14, 0xe4, 0xff, 0xb3, 0x48, 0x4c, 0xe2, 0xff, 0x7b, 0xe5, 0xff, 0x45, 0x00, 0x00, 0x86, 0xff,
  0xa2, 0xe6, 0xff, 0x46, 0x00, 0x00, 0x80, 0xff, 0xac, 0xe6, 0xff, 0x46, 0x00, 0x00, 0x80, 0xff,
  0xac, 0xe6, 0xff, 0x46, 0x00, 0x00, 0x80, 0xff, 0xac, 0xe6, 0xff, 0x46, 0x00, 0x00, 0x80, 0xff,
  0xac, 0xe6, 0xff, 0x46, 0x00, 0x00, 0x80, 0xff, 0xac, 0x00, 0x00, 0x00, 0x91, 0xab, 0x25, 0x00,
  0x00, 0x00, 0x00, 0x08, 0xfb, 0xff, 0x63, 0x00, 0x00, 0x00, 0x00, 0x00, 0x5c, 0x7a, 0x0e, 0x00,
  0x00, 0x29, 0x80, 0x80, 0x80, 0x80, 0x24, 0x00, 0x00, 0x52, 0xff, 0xff, 0xff, 0xff, 0x48, 0x00,
  0x00, 0x14, 0x40, 0x40, 0xef, 0xff, 0x48, 0x00, 0x00, 0x00, 0x00, 0x00, 0xea, 0xff, 0x48, 0x00,
  0x00, 0x00, 0x00, 0x00, 0xea, 0xff, 0x48, 0x00, 0x00, 0x00, 0x00, 0x00, 0xea, 0xff, 0x48, 0x00,
  0x00, 0x00, 0x00, 0x00, 0xea, 0xff, 0x48, 0x00, 0x00, 0x3d, 0xc0, 0xc0, 0xfa, 0xff, 0xd2, 0xc0,
  0x6d, 0x52, 0xff, 0xff, 0xff, 0xff, 0xff, 0xff, 0x92, 0x00, 0x00, 0x00, 0x3f, 0xb0, 0x66, 0x00,
  0x00, 0x00, 0x96, 0xff, 0xd7, 0x00, 0x00, 0x00, 0x1f, 0x80, 0x3f, 0x00, 0x4d, 0x80, 0x80, 0x80,
  0x5d, 0x00, 0x9a, 0xff, 0xff, 0xff, 0xba, 0x00, 0x26, 0x40, 0x9a, 0xff, 0xb9, 0x00, 0x00, 0x00,
  0x78, 0xff, 0xba, 0x00, 0x00, 0x00, 0x78, 0xff, 0xba, 0x00, 0x00, 0x00, 0x78, 0xff, 0xba, 0x00,
  0x00, 0x00, 0x78, 0xff, 0xba, 0x00, 0x00, 0x00, 0x78, 0xff, 0xba, 0x00, 0x00, 0x00, 0x78, 0xff,
  0xba, 0x00, 0x00, 0x00, 0x8a, 0xff, 0xb2, 0x15, 0x80, 0x82, 0xf3, 0xff, 0x86, 0x36, 0xff, 0xff,
  0xff, 0xda, 0x15, 0x10, 0x75, 0x80, 0x4c, 0x03, 0x00, 0xe0, 0xff, 0x4c, 0x00, 0x00, 0x00, 0x00,
  0x00, 0x00, 0xe0, 0xff, 0x4c, 0x00, 0x00, 0x00, 0x00, 0x00, 0x00, 0xe0, 0xff, 0x4c, 0x00, 0x00,
  0x00, 0x00, 0x00, 0x00, 0xe0, 0xff, 0x4c, 0x00, 0x03, 0x76, 0x80, 0x55, 0x00, 0xe0, 0xff, 0x4c,
  0x01, 0xa6, 0xff, 0xe5, 0x1a, 0x00, 0xdf, 0xff, 0x4b, 0x97, 0xff, 0xec, 0x27, 0x00, 0x00, 0xe0,
  0xff, 0xc1, 0xff, 0xf4, 0x34, 0x00, 0x00, 0x00, 0xe0, 0xff, 0xff, 0xff, 0xf2, 0x1d, 0x00, 0x00,
  0x00, 0xe0, 0xff, 0xfc, 0xd0, 0xff, 0xc8, 0x04, 0x00, 0x00, 0xe0, 0xff, 0x6b, 0x1a, 0xf2, 0xff,
  0x85, 0x00, 0x00, 0xe0, 0xff, 0x4c, 0x00, 0x5a, 0xff, 0xfe, 0x3e, 0x00, 0xe0, 0xff, 0x4c, 0x00,
  0x00, 0xb0, 0xff, 0xe7, 0x11, 0x72, 0xff, 0xff, 0xff, 0xff, 0x48, 0x00, 0x00, 0x55, 0xc0, 0xc0,
  0xfa, 0xff, 0x48, 0x00, 0x00, 0x00, 0x00, 0x00, 0xea, 0xff, 0x48, 0x00, 0x00, 0x00, 0x00, 0x00,
  0xea, 0xff, 0x48, 0x00, 0x00, 0x00, 0x00, 0x00, 0xea, 0xff, 0x48, 0x00, 0x00, 0x00, 0x00, 0x00,
  0xea, 0xff, 0x48, 0x00, 0x00, 0x00, 0x00, 0x00, 0xea, 0xff, 0x48, 0x00, 0x00, 0x00, 0x00, 0x00,
  0xea, 0xff, 0x48, 0x00, 0x00, 0x00, 0x00, 0x00, 0xea, 0xff, 0x48, 0x00, 0x00, 0x00, 0x00, 0x00,
  0xea, 0xff, 0x48, 0x00, 0x00, 0x55, 0xc0, 0xc0, 0xfa, 0xff, 0xd2, 0xc0, 0x87, 0x72, 0xff, 0xff,
  0xff, 0xff, 0xff, 0xff, 0xb4, 0x34, 0x80, 0x3d, 0x51, 0x7b, 0x15, 0x6b, 0x7e, 0x12, 0x68, 0xff,
  0xea, 0xff, 0xff, 0xec, 0xff, 0xff, 0xaf, 0x68, 0xff, 0xb7, 0x6e, 0xff, 0xd4, 0x51, 0xff, 0xe4,
  0x6a, 0xff, 0x90, 0x32, 0xff, 0xb8, 0x0a, 0xff, 0xf0, 0x6a, 0xff, 0x90, 0x32, 0xff, 0xb8, 0x0a,
  0xff, 0xf0, 0x6a, 0xff, 0x90, 0x32, 0xff, 0xb8, 0x0a, 0xff, 0xf0, 0x6a, 0xff, 0x90, 0x32, 0xff,
  0xb8, 0x0a, 0xff, 0xf0, 0x6a, 0xff, 0x90, 0x32, 0xff, 0xb8, 0x0a, 0xff, 0xf0, 0x6a, 0xff, 0x90,
  0x32, 0xff, 0xb8, 0x0a, 0xff, 0xf0, 0x72, 0x80, 0x0b, 0x52, 0x80, 0x80, 0x29, 0x00, 0xe4, 0xff,
  0xb4, 0xff, 0xff, 0xff, 0xe8, 0x13, 0xe4, 0xff, 0xc7, 0x45, 0x4e, 0xe6, 0xff, 0x78, 0xe5, 0xff,
  0x48, 0x00, 0x00, 0x8c, 0xff, 0x9e, 0xe6, 0xff, 0x48, 0x00, 0x00, 0x86, 0xff, 0xa6, 0xe6, 0xff,
  0x48, 0x00, 0x00, 0x86, 0xff, 0xa6, 0xe6, 0xff, 0x48, 0x00, 0x00, 0x86, 0xff, 0xa6, 0xe6, 0xff,
  0x48, 0x00, 0x00, 0x86, 0xff, 0xa6, 0xe6, 0xff, 0x48, 0x00, 0x00, 0x86, 0xff, 0xa6, 0x00, 0x00,
  0x04, 0x4d, 0x77, 0x66, 0x2c, 0x00, 0x00, 0x00, 0x0f, 0xc8, 0xff, 0xff, 0xff, 0xfe, 0x6f, 0x00,
  0x00, 0x9b, 0xff, 0xb6, 0x40, 0x4f, 0xf7, 0xff, 0x31, 0x10, 0xff, 0xff, 0x31, 0x00, 0x00, 0xa0,
  0xff, 0xa0, 0x2d, 0xff, 0xfc, 0x01, 0x00, 0x00, 0x6d, 0xff, 0xc0, 0x24, 0xff, 0xff, 0x0a, 0x00,
  0x00, 0x79, 0xff, 0xb7, 0x01, 0xe6, 0xff, 0x52, 0x00, 0x00, 0xbe, 0xff, 0x7d, 0x00, 0x71, 0xff,
  0xf3, 0x88, 0xb2, 0xff, 0xf3, 0x16, 0x00, 0x01, 0x7b, 0xdf, 0xff, 0xfd, 0xbd, 0x3b, 0x00, 0x00,
  0x00, 0x00, 0x00, 0x2c, 0x0f, 0x00, 0x00, 0x00, 0x6e, 0x80, 0x17, 0x6a, 0x79, 0x4b, 0x06, 0x00,
  0xdd, 0xff, 0xe5, 0xff, 0xff, 0xff, 0xc7, 0x01, 0xdc, 0xff, 0xbd, 0x40, 0x55, 0xfe, 0xff, 0x48,
  0xdd, 0xff, 0x4d, 0x00, 0x00, 0xa7, 0xff, 0x93, 0xdd, 0xff, 0x4d, 0x00, 0x00, 0x7f, 0xff, 0xaa,
  0xdd, 0xff, 0x4d, 0x00, 0x00, 0x8b, 0xff, 0xa4, 0xdc, 0xff, 0x5b, 0x00, 0x01, 0xcb, 0xff, 0x74,
  0xdd, 0xff, 0xe7, 0xa3, 0xb4, 0xff, 0xfa, 0x1a, 0xdc, 0xff, 0xb4, 0xfa, 0xff, 0xdd, 0x53, 0x00,
  0xdd, 0xff, 0x4d, 0x05, 0x2d, 0x00, 0x00, 0x00, 0xde, 0xff, 0x4e, 0x00, 0x00, 0x00, 0x00, 0x00,
  0xde, 0xff, 0x4e, 0x00, 0x00, 0x00, 0x00, 0x00, 0x37, 0x40, 0x13, 0x00, 0x00, 0x00, 0x00, 0x00,
  0x00, 0x00, 0x16, 0x61, 0x7f, 0x42, 0x40, 0x80, 0x38, 0x00, 0x34, 0xe7, 0xff, 0xff, 0xff, 0xe3,
  0xff, 0x71, 0x00, 0xb7, 0xff, 0xbe, 0x40, 0x49, 0xee, 0xff, 0x70, 0x06, 0xfb, 0xff, 0x3a, 0x00,
  0x00, 0xbc, 0xff, 0x71, 0x19, 0xff, 0xff, 0x10, 0x00, 0x00, 0xbc, 0xff, 0x71, 0x12, 0xff, 0xff,
  0x1d, 0x00, 0x00, 0xbc, 0xff, 0x71, 0x00, 0xe1, 0xff, 0x5d, 0x00, 0x00, 0xcc, 0xff, 0x70, 0x00,
  0x7f, 0xff, 0xf4, 0x8a, 0xc0, 0xff, 0xff, 0x71, 0x00, 0x08, 0x9b, 0xf7, 0xff, 0xd9, 0xd8, 0xff,
  0x70, 0x00, 0x00, 0x00, 0x0b, 0x23, 0x00, 0xbc, 0xff, 0x71, 0x00, 0x00, 0x00, 0x00, 0x00, 0x00,
  0xbc, 0xff, 0x72, 0x00, 0x00, 0x00, 0x00, 0x00, 0x00, 0xbc, 0xff, 0x72, 0x00, 0x00, 0x00, 0x00,
  0x00, 0x00, 0x2f, 0x40, 0x1c, 0x60, 0x80, 0x23, 0x27, 0x65, 0x80, 0x5b, 0xc1, 0xff, 0x96, 0xfb,
  0xff, 0xff, 0x9b, 0xc1, 0xff, 0xff, 0xcc, 0x92, 0x86, 0x58, 0xc1, 0xff, 0xa6, 0x00, 0x00, 0x00,
  0x00, 0xc2, 0xff, 0x6a, 0x00, 0x00, 0x00, 0x00, 0xc2, 0xff, 0x6a, 0x00, 0x00, 0x00, 0x00, 0xc2,
  0xff, 0x6a, 0x00, 0x00, 0x00, 0x00, 0xc2, 0xff, 0x6a, 0x00, 0x00, 0x00, 0x00, 0xc2, 0xff, 0x6a,
  0x00, 0x00, 0x00, 0x00, 0x00, 0x00, 0x1d, 0x7c, 0x80, 0x80, 0x71, 0x0d, 0x00, 0x00, 0x1f, 0xe6,
  0xff, 0xff, 0xff, 0xff, 0xce, 0x0d, 0x00, 0xac, 0xff, 0x8b, 0x01, 0x0c, 0xd3, 0xff, 0x88, 0x00,
  0xaf, 0xff, 0xa4, 0x2b, 0x00, 0x00, 0x00, 0x00, 0x00, 0x34, 0xe6, 0xff, 0xff, 0xdd, 0xb5, 0x50,
  0x00, 0x00, 0x00, 0x07, 0x5d, 0x86, 0xc2, 0xff, 0xff, 0x5a, 0x02, 0xbc, 0xc0, 0x14, 0x00, 0x00,
  0x8a, 0xff, 0x9e, 0x00, 0x9e, 0xff, 0xc4, 0x80, 0x87, 0xe5, 0xff, 0x5a, 0x00, 0x0a, 0x89, 0xfe,
  0xff, 0xff, 0xf1, 0x83, 0x00, 0x00, 0x00, 0x00, 0x1b, 0x40, 0x3d, 0x06, 0x00, 0x00, 0x00, 0x00,
  0x0b, 0x80, 0x80, 0x0b, 0x00, 0x00, 0x00, 0x00, 0x00, 0x16, 0xff, 0xff, 0x16, 0x00, 0x00, 0x00,
  0x02, 0x80, 0x8b, 0xff, 0xff, 0x8b, 0x80, 0x80, 0x1f, 0x04, 0xff, 0xff, 0xff, 0xff, 0xff, 0xff,
  0xff, 0x3e, 0x01, 0x40, 0x50, 0xff, 0xff, 0x50, 0x40, 0x40, 0x0f, 0x00, 0x00, 0x16, 0xff, 0xff,
  0x16, 0x00, 0x00, 0x00, 0x00, 0x00, 0x16, 0xff, 0xff, 0x16, 0x00, 0x00, 0x00, 0x00, 0x00, 0x15,
  0xff, 0xff, 0x15, 0x00, 0x00, 0x00, 0x00, 0x00, 0x0c, 0xff, 0xff, 0x38, 0x00, 0x00, 0x00, 0x00,
  0x00, 0x00, 0xd4, 0xff, 0xe6, 0x99, 0xc0, 0x55, 0x00, 0x00, 0x00, 0x39, 0xe1, 0xff, 0xff, 0xf1,
  0x69, 0x00, 0x00, 0x00, 0x00, 0x03, 0x3b, 0x3d, 0x07, 0x00, 0x6a, 0x80, 0x2c, 0x00, 0x00, 0x4c,
  0x80, 0x4b, 0xd4, 0xff, 0x58, 0x00, 0x00, 0x98, 0xff, 0x96, 0xd4, 0xff, 0x58, 0x00, 0x00, 0x98,
  0xff, 0x96, 0xd4, 0xff, 0x58, 0x00, 0x00, 0x98, 0xff, 0x96, 0xd4, 0xff, 0x58, 0x00, 0x00, 0x98,
  0xff, 0x96, 0xd2, 0xff, 0x59, 0x00, 0x00, 0x98, 0xff, 0x96, 0xc2, 0xff, 0x73, 0x00, 0x00, 0xb0,
  0xff, 0x95, 0x78, 0xff, 0xf0, 0x9d, 0xbf, 0xf6, 0xff, 0x94, 0x06, 0xbd, 0xff, 0xff, 0xaa, 0x76,
  0xff, 0x95, 0x00, 0x00, 0x34, 0x1e, 0x00, 0x00, 0x00, 0x00, 0x2b, 0x80, 0x73, 0x00, 0x00, 0x00,
  0x26, 0x80, 0x7b, 0x00, 0x10, 0xfa, 0xff, 0x20, 0x00, 0x00, 0x89, 0xff, 0xa9, 0x00, 0x00, 0xae,
  0xff, 0x72, 0x00, 0x00, 0xdf, 0xff, 0x48, 0x00, 0x00, 0x4d, 0xff, 0xc1, 0x00, 0x27, 0xff, 0xe5,
  0x01, 0x00, 0x00, 0x02, 0xea, 0xfe, 0x13, 0x77, 0xff, 0x86, 0x00, 0x00, 0x00, 0x00, 0x8a, 0xff,
  0x5f, 0xc6, 0xff, 0x20, 0x00, 0x00, 0x00, 0x00, 0x28, 0xff, 0xc0, 0xff, 0xc3, 0x00, 0x00, 0x00,
  0x00, 0x00, 0x00, 0xc9, 0xff, 0xff, 0x63, 0x00, 0x00, 0x00, 0x00, 0x00, 0x00, 0x68, 0xff, 0xf7,
  0x0b, 0x00, 0x00, 0x00, 0x5f, 0x80, 0x1c, 0x06, 0x80, 0x3e, 0x00, 0x65, 0x80, 0x18, 0x9c, 0xff,
  0x51, 0x31, 0xff, 0xa0, 0x00, 0xe2, 0xff, 0x0b, 0x6e, 0xff, 0x71, 0x60, 0xff, 0xce, 0x03, 0xff,
  0xe0, 0x00, 0x3f, 0xff, 0x90, 0x8e, 0xfc, 0xfa, 0x24, 0xff, 0xb2, 0x00, 0x11, 0xff, 0xb0, 0xbe,
  0xa7, 0xff, 0x6c, 0xff, 0x84, 0x00, 0x00, 0xe5, 0xd0, 0xeb, 0x53, 0xeb, 0xbc, 0xff, 0x56, 0x00,
  0x00, 0xb7, 0xf6, 0xff, 0x1f, 0xb4, 0xfc, 0xff, 0x28, 0x00, 0x00, 0x8a, 0xff, 0xf0, 0x00, 0x80,
  0xff, 0xf9, 0x02, 0x00, 0x00, 0x5c, 0xff, 0xb9, 0x00, 0x4c, 0xff, 0xce, 0x00, 0x00, 0x06, 0x7d,
  0x80, 0x27, 0x00, 0x00, 0x2b, 0x80, 0x7c, 0x04, 0x00, 0x87, 0xff, 0xcf, 0x03, 0x04, 0xd6, 0xff,
  0x7e, 0x00, 0x00, 0x06, 0xdb, 0xff, 0x77, 0x86, 0xff, 0xd0, 0x04, 0x00, 0x00, 0x00, 0x34, 0xfd,
  0xf8, 0xfe, 0xfc, 0x2d, 0x00, 0x00, 0x00, 0x00, 0x00, 0x93, 0xff, 0xff, 0x87, 0x00, 0x00, 0x00,
  0x00, 0x00, 0x08, 0xdc, 0xff, 0xff, 0xd7, 0x06, 0x00, 0x00, 0x00, 0x00, 0x92, 0xff, 0xc7, 0xd3,
  0xff, 0x87, 0x00, 0x00, 0x00, 0x40, 0xff, 0xf4, 0x22, 0x27, 0xf9, 0xfe, 0x3a, 0x00, 0x0e, 0xe6,
  0xff, 0x64, 0x00, 0x00, 0x70, 0xff, 0xe1, 0x0b, 0x3e, 0x80, 0x70, 0x00, 0x00, 0x00, 0x00, 0x72,
  0x80, 0x3e, 0x29, 0xff, 0xff, 0x26, 0x00, 0x00, 0x2e, 0xff, 0xff, 0x28, 0x00, 0xb9, 0xff, 0x8e,
  0x00, 0x00, 0x92, 0xff, 0xb8, 0x00, 0x00, 0x4a, 0xff, 0xeb, 0x05, 0x05, 0xf0, 0xff, 0x47, 0x00,
  0x00, 0x01, 0xdd, 0xff, 0x53, 0x58, 0xff, 0xd7, 0x00, 0x00, 0x00, 0x00, 0x6b, 0xff, 0xb4, 0xbc,
  0xff, 0x64, 0x00, 0x00, 0x00, 0x00, 0x0b, 0xf1, 0xfa, 0xff, 0xec, 0x08, 0x00, 0x00, 0x00, 0x00,
  0x00, 0x8e, 0xff, 0xff, 0x84, 0x00, 0x00, 0x00, 0x00, 0x00, 0x00, 0x27, 0xff, 0xfa, 0x16, 0x00,
  0x00, 0x00, 0x00, 0x00, 0x00, 0x82, 0xff, 0xa2, 0x00, 0x00, 0x00, 0x00, 0x00, 0x32, 0x6e, 0xff,
  0xff, 0x2a, 0x00, 0x00, 0x00, 0x00, 0x00, 0x7f, 0xff, 0xff, 0x85, 0x00, 0x00, 0x00, 0x00, 0x00,
  0x00, 0x3d, 0x80, 0x46, 0x00, 0x00, 0x00, 0x00, 0x00, 0x00, 0x00, 0x7c, 0x80, 0x80, 0x80, 0x80,
  0x80, 0x80, 0x56, 0x00, 0xf8, 0xff, 0xff, 0xff, 0xff, 0xff, 0xff, 0xa5, 0x00, 0x3e, 0x40, 0x40,
  0x40, 0xbf, 0xff, 0xe9, 0x1e, 0x00, 0x00, 0x00, 0x00, 0x69, 0xff, 0xf4, 0x2d, 0x00, 0x00, 0x00,
  0x00, 0x45, 0xfd, 0xfd, 0x44, 0x00, 0x00, 0x00, 0x00, 0x2e, 0xf4, 0xff, 0x66, 0x00, 0x00, 0x00,
  0x00, 0x18, 0xe7, 0xff, 0x8a, 0x00, 0x00, 0x00, 0x00, 0x05, 0xd1, 0xff, 0xff, 0xc1, 0xc0, 0xc0,
  0xc0, 0xa6, 0x14, 0xff, 0xff, 0xff, 0xff, 0xff, 0xff, 0xff, 0xde, 0x00, 0x00, 0x00, 0x0c, 0x56,
  0x31, 0x00, 0x00, 0x07, 0xd0, 0xff, 0x71, 0x00, 0x00, 0x59, 0xff, 0x8a, 0x00, 0x00, 0x00, 0x8e,
  0xff, 0x5a, 0x00, 0x00, 0x00, 0x9f, 0xff, 0x57, 0x00, 0x00, 0x00, 0xa4, 0xff, 0x54, 0x00, 0x00,
  0x01, 0xd1, 0xfe, 0x28, 0x00, 0x56, 0xd9, 0xff, 0x76, 0x00, 0x00, 0x95, 0xff, 0xd5, 0x22, 0x00,
  0x00, 0x0c, 0x60, 0xf5, 0xeb, 0x0a, 0x00, 0x00, 0x00, 0xb0, 0xff, 0x47, 0x00, 0x00, 0x00, 0xa0,
  0xff, 0x58, 0x00, 0x00, 0x00, 0x9a, 0xff, 0x59, 0x00, 0x00, 0x00, 0x6c, 0xff, 0x81, 0x00, 0x00,
  0x00, 0x09, 0xdc, 0xed, 0x47, 0x00, 0x00, 0x00, 0x22, 0xac, 0x50, 0x35, 0x21, 0xd5, 0x85, 0xd5,
  0x85, 0xd5, 0x85, 0xd5, 0x85, 0xd5, 0x85, 0xd5, 0x85, 0xd5, 0x85, 0xd5, 0x85, 0xd5, 0x85, 0xd5,
  0x85, 0xd5, 0x85, 0xd5, 0x85, 0xd5, 0x85, 0xd5, 0x85, 0x35, 0x21, 0x19, 0x63, 0x1a, 0x00, 0x00,
  0x00, 0x43, 0xfc, 0xe2, 0x16, 0x00, 0x00, 0x00, 0x59, 0xff, 0x87, 0x00, 0x00, 0x00, 0x29, 0xff,
  0xbd, 0x00, 0x00, 0x00, 0x24, 0xff, 0xd2, 0x00, 0x00, 0x00, 0x22, 0xff, 0xd5, 0x00, 0x00, 0x00,
  0x06, 0xf2, 0xf7, 0x18, 0x00, 0x00, 0x00, 0x51, 0xfa, 0xe6, 0x77, 0x00, 0x00, 0x16, 0xc5, 0xff,
  0xc8, 0x00, 0x00, 0xd6, 0xff, 0x6c, 0x11, 0x00, 0x1a, 0xff, 0xdb, 0x00, 0x00, 0x00, 0x24, 0xff,
  0xd4, 0x00, 0x00, 0x00, 0x27, 0xff, 0xcc, 0x00, 0x00, 0x00, 0x51, 0xff, 0x9b, 0x00, 0x00, 0x2d,
  0xd6, 0xf4, 0x23, 0x00, 0x00, 0x29, 0xb9, 0x3b, 0x00, 0x00, 0x00, 0x00, 0x29, 0x6e, 0x42, 0x02,
  0x00, 0x00, 0x00, 0x00, 0x42, 0xfd, 0xff, 0xff, 0xb7, 0x18, 0x00, 0xaa, 0xbb, 0xae, 0xf8, 0x6c,
  0x9f, 0xff, 0xfb, 0xc5, 0xff, 0xa3, 0x64, 0x5a, 0x00, 0x00, 0x4f, 0xda, 0xff, 0xbe, 0x1a, 0x00,
  0x00, 0x00, 0x00, 0x00, 0x00, 0x00, 0x00, 0x00, 0x00, 0x05, 0x61, 0x4b, 0x00, 0x05, 0xe7, 0xc4,
  0xdf, 0xae, 0x2e, 0xf7, 0x0a, 0x3a, 0xee, 0x0e, 0xec, 0x9a, 0xb6, 0xba, 0x00, 0x20, 0xa1, 0x8b,
  0x0d, 0x42, 0x77, 0x77, 0x77, 0x77, 0x77, 0x77, 0x77, 0x77, 0x15, 0x8d, 0xff, 0xff, 0xff, 0xff,
  0xff, 0xff, 0xff, 0xff, 0x2d, 0x2b, 0x4d, 0x4d, 0x4d, 0x4d, 0x4d, 0x4d, 0x4d, 0x4d, 0x0d, 0x00,
  0x0b, 0x52, 0x6f, 0x62, 0x6f, 0x74, 0x6f, 0x20, 0x4d, 0x6f, 0x6e, 0x6f, 0x00, 0x0f, 0x52, 0x6f,
  0x62, 0x6f, 0x74, 0x6f, 0x4d, 0x6f, 0x6e, 0x6f, 0x2d, 0x42, 0x6f, 0x6c, 0x64, 0x01,
};
